data,coletadoEm,nome,indexador,vencimento,taxaCompra,taxaVenda,puCompra,puVenda,investimentoMinimo,isin
2026-09-14,2026-09-16T04:23:55-03:00,Tesouro Selic 2031,SELIC,2031-03-01,0.0007000000000000001,0.0008,19810.92,19791.8,,
2026-09-14,2026-09-16T04:23:55-03:00,Tesouro Selic 2028,SELIC,2028-03-01,0.0001,0.0002,19871.18,19857.95,,
2026-09-14,2026-09-16T04:23:55-03:00,Tesouro Selic 2029,SELIC,2029-03-01,0.0003,0.0004,19860.64,19845.45,,
2026-09-14,2026-09-16T04:23:55-03:00,Tesouro Selic 2027,SELIC,2027-03-01,0.0001,0.0002,19874.6,19863.37,,
2026-09-14,2026-09-16T04:23:55-03:00,Tesouro Prefixado 2031,PREFIXADO,2031-01-01,0.1423,0.1435,567.21,564.38,,
2026-09-14,2026-09-16T04:23:55-03:00,Tesouro Prefixado 2027,PREFIXADO,2027-01-01,0.1359,0.1371,963.27,962.48,,
2026-09-14,2026-09-16T04:23:55-03:00,Tesouro Prefixado 2032,PREFIXADO,2032-01-01,0.1433,0.1445,494.27,491.28,,
2026-09-14,2026-09-16T04:23:55-03:00,Tesouro Prefixado 2029,PREFIXADO,2029-01-01,0.13970000000000002,0.1409,742.79,740.63,,
2026-09-14,2026-09-16T04:23:55-03:00,Tesouro Prefixado 2028,PREFIXADO,2028-01-01,0.1368,0.138,847.58,846.0,,
2026-09-14,2026-09-16T04:23:55-03:00,Tesouro IPCA+ com Juros Semestrais 2035,IPCA,2035-05-15,0.0758,0.077,4380.13,4347.17,,
2026-09-14,2026-09-16T04:23:55-03:00,Tesouro IPCA+ com Juros Semestrais 2032,IPCA,2032-08-15,0.0761,0.07730000000000001,4413.69,4388.41,,
2026-09-14,2026-09-16T04:23:55-03:00,Tesouro IPCA+ com Juros Semestrais 2037,IPCA,2037-05-15,0.075,0.0762,4336.28,4298.56,,
2026-09-14,2026-09-16T04:23:55-03:00,Tesouro IPCA+ com Juros Semestrais 2055,IPCA,2055-05-15,0.073,0.0742,4124.33,4065.98,,
2026-09-14,2026-09-16T04:23:55-03:00,Tesouro IPCA+ com Juros Semestrais 2060,IPCA,2060-08-15,0.073,0.0742,4020.28,3960.05,,
2026-09-14,2026-09-16T04:23:55-03:00,Tesouro IPCA+ com Juros Semestrais 2045,IPCA,2045-05-15,0.0739,0.0751,4196.22,4145.84,,
2026-09-14,2026-09-16T04:23:55-03:00,Tesouro IPCA+ com Juros Semestrais 2040,IPCA,2040-08-15,0.07400000000000001,0.0752,4212.11,4168.03,,
2026-09-14,2026-09-16T04:23:55-03:00,Tesouro IPCA+ com Juros Semestrais 2050,IPCA,2050-08-15,0.0737,0.07490000000000001,4064.36,4009.38,,
2026-09-14,2026-09-16T04:23:55-03:00,Tesouro IPCA+ com Juros Semestrais 2030,IPCA,2030-08-15,0.0761,0.07730000000000001,4514.88,4496.48,,
2026-09-14,2026-09-16T04:23:55-03:00,Tesouro IPCA+ 2029,IPCA,2029-05-15,0.0755,0.0767,3902.53,3890.34,,
2026-09-14,2026-09-16T04:23:55-03:00,Tesouro IPCA+ 2050,IPCA,2050-08-15,0.073,0.0742,885.94,862.56,,
2026-09-14,2026-09-16T04:23:55-03:00,Tesouro IPCA+ 2045,IPCA,2045-05-15,0.0734,0.0746,1270.81,1244.52,,
2026-09-14,2026-09-16T04:23:55-03:00,Tesouro IPCA+ 2032,IPCA,2032-08-15,0.0762,0.07740000000000001,3069.56,3048.92,,
2026-09-14,2026-09-16T04:23:55-03:00,Tesouro IPCA+ 2040,IPCA,2040-08-15,0.0734,0.0746,1774.1,1746.57,,
2026-09-14,2026-09-16T04:23:55-03:00,Tesouro IPCA+ 2035,IPCA,2035-05-15,0.0758,0.077,2521.42,2496.87,,
2026-09-14,2026-09-16T04:23:55-03:00,Tesouro IGPM+ com Juros Semestrais 2031,IGP-M,2031-01-01,0.0789,0.0801,7699.7,7665.4,,
2026-09-14,2026-09-16T04:23:55-03:00,Tesouro Prefixado com Juros Semestrais 2029,PREFIXADO,2029-01-01,0.1377,0.1389,953.4,950.85,,
2026-09-14,2026-09-16T04:23:55-03:00,Tesouro Prefixado com Juros Semestrais 2027,PREFIXADO,2027-01-01,0.1335,0.13470000000000001,1010.91,1010.09,,
2026-09-14,2026-09-16T04:23:55-03:00,Tesouro Prefixado com Juros Semestrais 2037,PREFIXADO,2037-01-01,0.1438,0.145,800.97,795.51,,
2026-09-14,2026-09-16T04:23:55-03:00,Tesouro Prefixado com Juros Semestrais 2035,PREFIXADO,2035-01-01,0.1438,0.145,823.78,818.7,,
2026-09-14,2026-09-16T04:23:55-03:00,Tesouro Prefixado com Juros Semestrais 2033,PREFIXADO,2033-01-01,0.1436,0.1448,853.71,849.19,,
2026-09-14,2026-09-16T04:23:55-03:00,Tesouro Prefixado com Juros Semestrais 2031,PREFIXADO,2031-01-01,0.14250000000000002,0.1437,896.01,892.29,,
2026-09-14,2026-09-16T04:23:55-03:00,Tesouro Renda+ Aposentadoria Extra 2059,IPCA,2059-12-15,0.0727,0.0739,1008.79,985.32,,
2026-09-14,2026-09-16T04:23:55-03:00,Tesouro Renda+ Aposentadoria Extra 2069,IPCA,2069-12-15,0.0718,0.073,515.44,497.86,,
2026-09-14,2026-09-16T04:23:55-03:00,Tesouro Renda+ Aposentadoria Extra 2049,IPCA,2049-12-15,0.0742,0.07540000000000001,1995.84,1971.32,,
2026-09-14,2026-09-16T04:23:55-03:00,Tesouro Renda+ Aposentadoria Extra 2079,IPCA,2079-12-15,0.0716,0.0728,260.69,249.0,,
2026-09-14,2026-09-16T04:23:55-03:00,Tesouro Renda+ Aposentadoria Extra 2064,IPCA,2064-12-15,0.0723,0.0735,718.77,698.14,,
2026-09-14,2026-09-16T04:23:55-03:00,Tesouro Renda+ Aposentadoria Extra 2074,IPCA,2074-12-15,0.0716,0.0728,367.63,353.12,,
2026-09-14,2026-09-16T04:23:55-03:00,Tesouro Renda+ Aposentadoria Extra 2084,IPCA,2084-12-15,0.0716,0.0728,184.87,175.61,,
2026-09-14,2026-09-16T04:23:55-03:00,Tesouro Renda+ Aposentadoria Extra 2054,IPCA,2054-12-15,0.0735,0.0747,1413.0,1387.87,,
2026-09-14,2026-09-16T04:23:55-03:00,Tesouro Educa+ 2040,IPCA,2040-12-15,0.0742,0.07540000000000001,2054.82,2028.08,,
2026-09-14,2026-09-16T04:23:55-03:00,Tesouro Educa+ 2031,IPCA,2031-12-15,0.0752,0.0764,3888.99,3876.92,,
2026-09-14,2026-09-16T04:23:55-03:00,Tesouro Educa+ 2045,IPCA,2045-12-15,0.0734,0.0746,1456.88,1429.94,,
2026-09-14,2026-09-16T04:23:55-03:00,Tesouro Educa+ 2033,IPCA,2033-12-15,0.0761,0.07730000000000001,3353.95,3336.14,,
2026-09-14,2026-09-16T04:23:55-03:00,Tesouro Educa+ 2046,IPCA,2046-12-15,0.0733,0.0745,1360.12,1333.48,,
2026-09-14,2026-09-16T04:23:55-03:00,Tesouro Educa+ 2037,IPCA,2037-12-15,0.0755,0.0767,2516.7,2492.24,,
2026-09-14,2026-09-16T04:23:55-03:00,Tesouro Educa+ 2044,IPCA,2044-12-15,0.0734,0.0746,1563.19,1535.98,,
2026-09-14,2026-09-16T04:23:55-03:00,Tesouro Educa+ 2034,IPCA,2034-12-15,0.0761,0.07730000000000001,3117.56,3097.57,,
2026-09-14,2026-09-16T04:23:55-03:00,Tesouro Educa+ 2036,IPCA,2036-12-15,0.0758,0.077,2699.77,2676.51,,
2026-09-14,2026-09-16T04:23:55-03:00,Tesouro Educa+ 2032,IPCA,2032-12-15,0.0759,0.0771,3610.01,3594.82,,
2026-09-14,2026-09-16T04:23:55-03:00,Tesouro Educa+ 2041,IPCA,2041-12-15,0.0739,0.0751,1920.24,1893.14,,
2026-09-14,2026-09-16T04:23:55-03:00,Tesouro Educa+ 2035,IPCA,2035-12-15,0.076,0.0772,2899.76,2877.96,,
2026-09-14,2026-09-16T04:23:55-03:00,Tesouro Educa+ 2048,IPCA,2048-12-15,0.0733,0.0745,1182.0,1156.28,,
2026-09-14,2026-09-16T04:23:55-03:00,Tesouro Educa+ 2043,IPCA,2043-12-15,0.0735,0.0747,1675.1,1647.78,,
2026-09-14,2026-09-16T04:23:55-03:00,Tesouro Educa+ 2038,IPCA,2038-12-15,0.0751,0.0763,2349.85,2324.44,,
2026-09-14,2026-09-16T04:23:55-03:00,Tesouro Educa+ 2039,IPCA,2039-12-15,0.0747,0.0759,2195.65,2169.49,,
2026-09-14,2026-09-16T04:23:55-03:00,Tesouro Educa+ 2042,IPCA,2042-12-15,0.0736,0.0748,1795.5,1768.19,,
2026-09-14,2026-09-16T04:23:55-03:00,Tesouro Educa+ 2030,IPCA,2030-12-15,0.0748,0.076,3455.13,3525.4,,
2026-09-14,2026-09-16T04:23:55-03:00,Tesouro Educa+ 2047,IPCA,2047-12-15,0.0733,0.0745,1267.93,1241.72,,
2026-09-15,2026-09-16T15:37:03-03:00,Tesouro Selic 2029,SELIC,2029-03-01,0.0003,0.0004,19870.92,19855.75,,
2026-09-15,2026-09-16T15:37:03-03:00,Tesouro Selic 2027,SELIC,2027-03-01,0.0001,0.0002,19884.8,19873.59,,
2026-09-15,2026-09-16T15:37:03-03:00,Tesouro Selic 2028,SELIC,2028-03-01,0.0001,0.0002,19881.46,19868.23,,
2026-09-15,2026-09-16T15:37:03-03:00,Tesouro Selic 2031,SELIC,2031-03-01,0.0007000000000000001,0.0008,19821.21,19802.08,,
2026-09-15,2026-09-16T15:37:03-03:00,Tesouro Prefixado 2028,PREFIXADO,2028-01-01,0.1359,0.1371,848.88,847.3,,
2026-09-15,2026-09-16T15:37:03-03:00,Tesouro Prefixado 2027,PREFIXADO,2027-01-01,0.13570000000000002,0.1369,963.8,963.02,,
2026-09-15,2026-09-16T15:37:03-03:00,Tesouro Prefixado 2032,PREFIXADO,2032-01-01,0.1423,0.1435,496.81,493.81,,
2026-09-15,2026-09-16T15:37:03-03:00,Tesouro Prefixado 2029,PREFIXADO,2029-01-01,0.1385,0.13970000000000002,744.95,742.79,,
2026-09-15,2026-09-16T15:37:03-03:00,Tesouro Prefixado 2031,PREFIXADO,2031-01-01,0.1413,0.14250000000000002,569.63,566.79,,
2026-09-15,2026-09-16T15:37:03-03:00,Tesouro IPCA+ com Juros Semestrais 2060,IPCA,2060-08-15,0.0721,0.0733,4067.81,4005.26,,
2026-09-15,2026-09-16T15:37:03-03:00,Tesouro IPCA+ com Juros Semestrais 2050,IPCA,2050-08-15,0.0731,0.0743,4093.82,4037.09,,
2026-09-15,2026-09-16T15:37:03-03:00,Tesouro IPCA+ com Juros Semestrais 2045,IPCA,2045-05-15,0.0733,0.0745,4223.33,4171.31,,
2026-09-15,2026-09-16T15:37:03-03:00,Tesouro IPCA+ com Juros Semestrais 2030,IPCA,2030-08-15,0.0755,0.0767,4525.84,4506.1,,
2026-09-15,2026-09-16T15:37:03-03:00,Tesouro IPCA+ com Juros Semestrais 2037,IPCA,2037-05-15,0.0747,0.0759,4347.63,4308.56,,
2026-09-15,2026-09-16T15:37:03-03:00,Tesouro IPCA+ com Juros Semestrais 2040,IPCA,2040-08-15,0.0735,0.0747,4232.32,4186.77,,
2026-09-15,2026-09-16T15:37:03-03:00,Tesouro IPCA+ com Juros Semestrais 2035,IPCA,2035-05-15,0.0755,0.0767,4390.3,4356.0,,
2026-09-15,2026-09-16T15:37:03-03:00,Tesouro IPCA+ com Juros Semestrais 2032,IPCA,2032-08-15,0.0759,0.0771,4419.89,4393.32,,
2026-09-15,2026-09-16T15:37:03-03:00,Tesouro IPCA+ com Juros Semestrais 2055,IPCA,2055-05-15,0.0722,0.0734,4165.43,4104.98,,
2026-09-15,2026-09-16T15:37:03-03:00,Tesouro IPCA+ 2029,IPCA,2029-05-15,0.0747,0.0759,3912.04,3898.71,,
2026-09-15,2026-09-16T15:37:03-03:00,Tesouro IPCA+ 2035,IPCA,2035-05-15,0.0756,0.0768,2526.66,2501.34,,
2026-09-15,2026-09-16T15:37:03-03:00,Tesouro IPCA+ 2050,IPCA,2050-08-15,0.0724,0.0736,898.22,874.25,,
2026-09-15,2026-09-16T15:37:03-03:00,Tesouro IPCA+ 2040,IPCA,2040-08-15,0.0728,0.07400000000000001,1788.72,1760.44,,
2026-09-15,2026-09-16T15:37:03-03:00,Tesouro IPCA+ 2045,IPCA,2045-05-15,0.0726,0.0738,1289.11,1262.06,,
2026-09-15,2026-09-16T15:37:03-03:00,Tesouro IPCA+ 2032,IPCA,2032-08-15,0.0761,0.07730000000000001,3072.7,3051.17,,
2026-09-15,2026-09-16T15:37:03-03:00,Tesouro IGPM+ com Juros Semestrais 2031,IGP-M,2031-01-01,0.0791,0.0803,7699.52,7665.25,,
2026-09-15,2026-09-16T15:37:03-03:00,Tesouro Prefixado com Juros Semestrais 2027,PREFIXADO,2027-01-01,0.1334,0.13460000000000003,1011.44,1010.62,,
2026-09-15,2026-09-16T15:37:03-03:00,Tesouro Prefixado com Juros Semestrais 2037,PREFIXADO,2037-01-01,0.1431,0.1443,804.36,798.87,,
2026-09-15,2026-09-16T15:37:03-03:00,Tesouro Prefixado com Juros Semestrais 2029,PREFIXADO,2029-01-01,0.1363,0.1375,956.28,953.74,,
2026-09-15,2026-09-16T15:37:03-03:00,Tesouro Prefixado com Juros Semestrais 2035,PREFIXADO,2035-01-01,0.1431,0.1443,826.94,821.84,,
2026-09-15,2026-09-16T15:37:03-03:00,Tesouro Prefixado com Juros Semestrais 2031,PREFIXADO,2031-01-01,0.1414,0.1426,899.47,895.74,,
2026-09-15,2026-09-16T15:37:03-03:00,Tesouro Prefixado com Juros Semestrais 2033,PREFIXADO,2033-01-01,0.1428,0.14400000000000002,856.89,852.35,,
2026-09-15,2026-09-16T15:37:03-03:00,Tesouro Renda+ Aposentadoria Extra 2064,IPCA,2064-12-15,0.0713,0.0725,736.69,715.31,,
2026-09-15,2026-09-16T15:37:03-03:00,Tesouro Renda+ Aposentadoria Extra 2079,IPCA,2079-12-15,0.0702,0.0714,275.11,262.68,,
2026-09-15,2026-09-16T15:37:03-03:00,Tesouro Renda+ Aposentadoria Extra 2084,IPCA,2084-12-15,0.0702,0.0714,196.37,186.46,,
2026-09-15,2026-09-16T15:37:03-03:00,Tesouro Renda+ Aposentadoria Extra 2059,IPCA,2059-12-15,0.0719,0.0731,1025.13,1000.96,,
2026-09-15,2026-09-16T15:37:03-03:00,Tesouro Renda+ Aposentadoria Extra 2049,IPCA,2049-12-15,0.0737,0.07490000000000001,2006.97,1981.7,,
2026-09-15,2026-09-16T15:37:03-03:00,Tesouro Renda+ Aposentadoria Extra 2074,IPCA,2074-12-15,0.0702,0.0714,385.46,370.1,,
2026-09-15,2026-09-16T15:37:03-03:00,Tesouro Renda+ Aposentadoria Extra 2069,IPCA,2069-12-15,0.0706,0.0718,533.83,515.44,,
2026-09-15,2026-09-16T15:37:03-03:00,Tesouro Renda+ Aposentadoria Extra 2054,IPCA,2054-12-15,0.0728,0.07400000000000001,1428.42,1402.57,,
2026-09-15,2026-09-16T15:37:03-03:00,Tesouro Educa+ 2043,IPCA,2043-12-15,0.0729,0.0741,1689.57,1661.53,,
2026-09-15,2026-09-16T15:37:03-03:00,Tesouro Educa+ 2048,IPCA,2048-12-15,0.0726,0.0738,1197.7,1171.3,,
2026-09-15,2026-09-16T15:37:03-03:00,Tesouro Educa+ 2033,IPCA,2033-12-15,0.0757,0.07690000000000001,3361.29,3342.49,,
2026-09-15,2026-09-16T15:37:03-03:00,Tesouro Educa+ 2045,IPCA,2045-12-15,0.0727,0.0739,1473.38,1445.7,,
2026-09-15,2026-09-16T15:37:03-03:00,Tesouro Educa+ 2041,IPCA,2041-12-15,0.0734,0.0746,1932.42,1904.59,,
2026-09-15,2026-09-16T15:37:03-03:00,Tesouro Educa+ 2040,IPCA,2040-12-15,0.0738,0.075,2064.66,2037.2,,
2026-09-15,2026-09-16T15:37:03-03:00,Tesouro Educa+ 2047,IPCA,2047-12-15,0.0726,0.0738,1283.95,1257.03,,
2026-09-15,2026-09-16T15:37:03-03:00,Tesouro Educa+ 2046,IPCA,2046-12-15,0.0727,0.0739,1374.16,1346.85,,
2026-09-15,2026-09-16T15:37:03-03:00,Tesouro Educa+ 2034,IPCA,2034-12-15,0.0758,0.077,3123.92,3103.0,,
2026-09-15,2026-09-16T15:37:03-03:00,Tesouro Educa+ 2031,IPCA,2031-12-15,0.0747,0.0759,3895.57,3882.37,,
2026-09-15,2026-09-16T15:37:03-03:00,Tesouro Educa+ 2032,IPCA,2032-12-15,0.0755,0.0767,3616.58,3600.33,,
2026-09-15,2026-09-16T15:37:03-03:00,Tesouro Educa+ 2038,IPCA,2038-12-15,0.0748,0.076,2357.26,2331.09,,
2026-09-15,2026-09-16T15:37:03-03:00,Tesouro Educa+ 2035,IPCA,2035-12-15,0.0758,0.077,2904.7,2882.04,,
2026-09-15,2026-09-16T15:37:03-03:00,Tesouro Educa+ 2039,IPCA,2039-12-15,0.0743,0.0755,2205.34,2178.45,,
2026-09-15,2026-09-16T15:37:03-03:00,Tesouro Educa+ 2030,IPCA,2030-12-15,0.0741,0.0753,3461.35,3451.85,,
2026-09-15,2026-09-16T15:37:03-03:00,Tesouro Educa+ 2036,IPCA,2036-12-15,0.0756,0.0768,2704.87,2680.8,,
2026-09-15,2026-09-16T15:37:03-03:00,Tesouro Educa+ 2042,IPCA,2042-12-15,0.0731,0.0743,1807.72,1779.71,,
2026-09-15,2026-09-16T15:37:03-03:00,Tesouro Educa+ 2037,IPCA,2037-12-15,0.0752,0.0764,2523.93,2498.69,,
2026-09-15,2026-09-16T15:37:03-03:00,Tesouro Educa+ 2044,IPCA,2044-12-15,0.0728,0.07400000000000001,1577.57,1549.66,,
2026-09-16,2026-09-17T15:45:05-03:00,Tesouro Selic 2029,SELIC,2029-03-01,0.0003,0.0004,19881.01,19865.84,,
2026-09-16,2026-09-17T15:45:05-03:00,Tesouro Selic 2027,SELIC,2027-03-01,0.0001,0.0002,19895.1,19883.86,,
2026-09-16,2026-09-17T15:45:05-03:00,Tesouro Selic 2028,SELIC,2028-03-01,0.0001,0.0002,19891.67,19878.45,,
2026-09-16,2026-09-17T15:45:05-03:00,Tesouro Selic 2031,SELIC,2031-03-01,0.0007000000000000001,0.0008,19831.49,19812.39,,
2026-09-16,2026-09-17T15:45:05-03:00,Tesouro Prefixado 2028,PREFIXADO,2028-01-01,0.1362,0.1374,849.02,847.44,,
2026-09-16,2026-09-17T15:45:05-03:00,Tesouro Prefixado 2032,PREFIXADO,2032-01-01,0.14300000000000002,0.1442,495.48,492.49,,
2026-09-16,2026-09-17T15:45:05-03:00,Tesouro Prefixado 2029,PREFIXADO,2029-01-01,0.1389,0.1401,744.75,742.58,,
2026-09-16,2026-09-17T15:45:05-03:00,Tesouro Prefixado 2027,PREFIXADO,2027-01-01,0.1358,0.13699999999999998,964.27,963.48,,
2026-09-16,2026-09-17T15:45:05-03:00,Tesouro Prefixado 2031,PREFIXADO,2031-01-01,0.1419,0.1431,568.65,565.82,,
2026-09-16,2026-09-17T15:45:05-03:00,Tesouro IPCA+ com Juros Semestrais 2040,IPCA,2040-08-15,0.0737,0.07490000000000001,4227.0,4181.55,,
2026-09-16,2026-09-17T15:45:05-03:00,Tesouro IPCA+ com Juros Semestrais 2050,IPCA,2050-08-15,0.0732,0.07440000000000001,4091.12,4034.47,,
2026-09-16,2026-09-17T15:45:05-03:00,Tesouro IPCA+ com Juros Semestrais 2030,IPCA,2030-08-15,0.076,0.0772,4520.66,4500.96,,
2026-09-16,2026-09-17T15:45:05-03:00,Tesouro IPCA+ com Juros Semestrais 2037,IPCA,2037-05-15,0.075,0.0762,4340.39,4301.43,,
2026-09-16,2026-09-17T15:45:05-03:00,Tesouro IPCA+ com Juros Semestrais 2055,IPCA,2055-05-15,0.0723,0.0735,4162.43,4102.08,,
2026-09-16,2026-09-17T15:45:05-03:00,Tesouro IPCA+ com Juros Semestrais 2035,IPCA,2035-05-15,0.0759,0.0771,4381.61,4347.43,,
2026-09-16,2026-09-17T15:45:05-03:00,Tesouro IPCA+ com Juros Semestrais 2032,IPCA,2032-08-15,0.0764,0.0776,4411.78,4385.29,,
2026-09-16,2026-09-17T15:45:05-03:00,Tesouro IPCA+ com Juros Semestrais 2060,IPCA,2060-08-15,0.0721,0.0733,4069.7,4007.13,,
2026-09-16,2026-09-17T15:45:05-03:00,Tesouro IPCA+ com Juros Semestrais 2045,IPCA,2045-05-15,0.0735,0.0747,4216.9,4165.01,,
2026-09-16,2026-09-17T15:45:05-03:00,Tesouro IPCA+ 2029,IPCA,2029-05-15,0.0747,0.0759,3913.88,3900.56,,
2026-09-16,2026-09-17T15:45:05-03:00,Tesouro IPCA+ 2040,IPCA,2040-08-15,0.073,0.0742,1784.94,1756.73,,
2026-09-16,2026-09-17T15:45:05-03:00,Tesouro IPCA+ 2035,IPCA,2035-05-15,0.076,0.0772,2519.79,2494.56,,
2026-09-16,2026-09-17T15:45:05-03:00,Tesouro IPCA+ 2050,IPCA,2050-08-15,0.0723,0.0735,900.63,876.6,,
2026-09-16,2026-09-17T15:45:05-03:00,Tesouro IPCA+ 2045,IPCA,2045-05-15,0.0728,0.07400000000000001,1285.25,1258.3,,
2026-09-16,2026-09-17T15:45:05-03:00,Tesouro IPCA+ 2032,IPCA,2032-08-15,0.0766,0.07780000000000001,3065.79,3044.33,,
2026-09-16,2026-09-17T15:45:05-03:00,Tesouro IGPM+ com Juros Semestrais 2031,IGP-M,2031-01-01,0.079,0.0802,7706.74,7672.47,,
2026-09-16,2026-09-17T15:45:05-03:00,Tesouro Prefixado com Juros Semestrais 2027,PREFIXADO,2027-01-01,0.1334,0.13460000000000003,1011.94,1011.13,,
2026-09-16,2026-09-17T15:45:05-03:00,Tesouro Prefixado com Juros Semestrais 2037,PREFIXADO,2037-01-01,0.1437,0.1449,802.25,796.78,,
2026-09-16,2026-09-17T15:45:05-03:00,Tesouro Prefixado com Juros Semestrais 2029,PREFIXADO,2029-01-01,0.13670000000000002,0.1379,956.08,953.54,,
2026-09-16,2026-09-17T15:45:05-03:00,Tesouro Prefixado com Juros Semestrais 2035,PREFIXADO,2035-01-01,0.1438,0.145,824.66,819.58,,
2026-09-16,2026-09-17T15:45:05-03:00,Tesouro Prefixado com Juros Semestrais 2031,PREFIXADO,2031-01-01,0.142,0.1432,898.31,894.59,,
2026-09-16,2026-09-17T15:45:05-03:00,Tesouro Prefixado com Juros Semestrais 2033,PREFIXADO,2033-01-01,0.1435,0.14470000000000002,854.96,850.44,,
2026-09-16,2026-09-17T15:45:05-03:00,Tesouro Renda+ Aposentadoria Extra 2084,IPCA,2084-12-15,0.0699,0.07110000000000001,199.0,188.95,,
2026-09-16,2026-09-17T15:45:05-03:00,Tesouro Renda+ Aposentadoria Extra 2064,IPCA,2064-12-15,0.0712,0.0724,738.82,717.37,,
2026-09-16,2026-09-17T15:45:05-03:00,Tesouro Renda+ Aposentadoria Extra 2059,IPCA,2059-12-15,0.0719,0.0731,1025.61,1001.43,,
2026-09-16,2026-09-17T15:45:05-03:00,Tesouro Renda+ Aposentadoria Extra 2049,IPCA,2049-12-15,0.07400000000000001,0.0752,2001.79,1976.62,,
2026-09-16,2026-09-17T15:45:05-03:00,Tesouro Renda+ Aposentadoria Extra 2079,IPCA,2079-12-15,0.0699,0.07110000000000001,278.4,265.82,,
2026-09-16,2026-09-17T15:45:05-03:00,Tesouro Renda+ Aposentadoria Extra 2069,IPCA,2069-12-15,0.0705,0.0717,535.62,517.16,,
2026-09-16,2026-09-17T15:45:05-03:00,Tesouro Renda+ Aposentadoria Extra 2074,IPCA,2074-12-15,0.07,0.0712,388.23,372.76,,
2026-09-16,2026-09-17T15:45:05-03:00,Tesouro Renda+ Aposentadoria Extra 2054,IPCA,2054-12-15,0.0729,0.0741,1426.96,1401.15,,
2026-09-16,2026-09-17T15:45:05-03:00,Tesouro Educa+ 2035,IPCA,2035-12-15,0.0762,0.07740000000000001,2898.97,2876.38,,
2026-09-16,2026-09-17T15:45:05-03:00,Tesouro Educa+ 2037,IPCA,2037-12-15,0.0756,0.0768,2517.08,2491.93,,
2026-09-16,2026-09-17T15:45:05-03:00,Tesouro Educa+ 2046,IPCA,2046-12-15,0.0728,0.07400000000000001,1372.56,1345.29,,
2026-09-16,2026-09-17T15:45:05-03:00,Tesouro Educa+ 2048,IPCA,2048-12-15,0.0727,0.0739,1196.08,1169.71,,
2026-09-16,2026-09-17T15:45:05-03:00,Tesouro Educa+ 2032,IPCA,2032-12-15,0.0758,0.077,3614.66,3598.44,,
2026-09-16,2026-09-17T15:45:05-03:00,Tesouro Educa+ 2042,IPCA,2042-12-15,0.0733,0.0745,1804.0,1776.06,,
2026-09-16,2026-09-17T15:45:05-03:00,Tesouro Educa+ 2034,IPCA,2034-12-15,0.0763,0.0775,3117.3,3096.44,,
2026-09-16,2026-09-17T15:45:05-03:00,Tesouro Educa+ 2033,IPCA,2033-12-15,0.0762,0.07740000000000001,3355.72,3336.97,,
2026-09-16,2026-09-17T15:45:05-03:00,Tesouro Educa+ 2041,IPCA,2041-12-15,0.0736,0.0748,1928.8,1901.04,,
2026-09-16,2026-09-17T15:45:05-03:00,Tesouro Educa+ 2045,IPCA,2045-12-15,0.0728,0.07400000000000001,1471.79,1444.15,,
2026-09-16,2026-09-17T15:45:05-03:00,Tesouro Educa+ 2031,IPCA,2031-12-15,0.07490000000000001,0.0761,3895.52,3882.33,,
2026-09-16,2026-09-17T15:45:05-03:00,Tesouro Educa+ 2038,IPCA,2038-12-15,0.0752,0.0764,2349.99,2323.92,,
2026-09-16,2026-09-17T15:45:05-03:00,Tesouro Educa+ 2040,IPCA,2040-12-15,0.0741,0.0753,2058.97,2031.6,,
2026-09-16,2026-09-17T15:45:05-03:00,Tesouro Educa+ 2047,IPCA,2047-12-15,0.0727,0.0739,1282.33,1255.46,,
2026-09-16,2026-09-17T15:45:05-03:00,Tesouro Educa+ 2039,IPCA,2039-12-15,0.0746,0.0758,2199.88,2173.07,,
2026-09-16,2026-09-17T15:45:05-03:00,Tesouro Educa+ 2030,IPCA,2030-12-15,0.0742,0.07540000000000001,3462.32,3452.84,,
2026-09-16,2026-09-17T15:45:05-03:00,Tesouro Educa+ 2036,IPCA,2036-12-15,0.076,0.0772,2698.54,2674.53,,
2026-09-16,2026-09-17T15:45:05-03:00,Tesouro Educa+ 2044,IPCA,2044-12-15,0.0729,0.0741,1576.02,1548.15,,
2026-09-16,2026-09-17T15:45:05-03:00,Tesouro Educa+ 2043,IPCA,2043-12-15,0.073,0.0742,1688.07,1660.06,,
2026-09-17,2026-09-18T15:01:09-03:00,Tesouro Selic 2031,SELIC,2031-03-01,0.0007000000000000001,0.0008,19841.46,19822.51,,
2026-09-17,2026-09-18T15:01:09-03:00,Tesouro Selic 2028,SELIC,2028-03-01,0.0002,0.0003,19901.36,19888.32,,
2026-09-17,2026-09-18T15:01:09-03:00,Tesouro Selic 2029,SELIC,2029-03-01,0.0003,0.0004,19890.75,19875.75,,
2026-09-17,2026-09-18T15:01:09-03:00,Tesouro Selic 2027,SELIC,2027-03-01,0.0001,0.0002,19905.12,19894.07,,
2026-09-17,2026-09-18T15:01:09-03:00,Tesouro Prefixado 2028,PREFIXADO,2028-01-01,0.1358,0.13699999999999998,849.83,848.26,,
2026-09-17,2026-09-18T15:01:09-03:00,Tesouro Prefixado 2031,PREFIXADO,2031-01-01,0.14070000000000002,0.1419,571.5,568.65,,
2026-09-17,2026-09-18T15:01:09-03:00,Tesouro Prefixado 2029,PREFIXADO,2029-01-01,0.1381,0.1393,746.32,744.15,,
2026-09-17,2026-09-18T15:01:09-03:00,Tesouro Prefixado 2032,PREFIXADO,2032-01-01,0.14150000000000001,0.1427,499.17,496.16,,
2026-09-17,2026-09-18T15:01:09-03:00,Tesouro Prefixado 2027,PREFIXADO,2027-01-01,0.1356,0.1368,964.8,964.02,,
2026-09-17,2026-09-18T15:01:09-03:00,Tesouro IPCA+ com Juros Semestrais 2045,IPCA,2045-05-15,0.0731,0.0743,4235.71,4183.52,,
2026-09-17,2026-09-18T15:01:09-03:00,Tesouro IPCA+ com Juros Semestrais 2060,IPCA,2060-08-15,0.0718,0.073,4087.0,4024.03,,
2026-09-17,2026-09-18T15:01:09-03:00,Tesouro IPCA+ com Juros Semestrais 2055,IPCA,2055-05-15,0.0719,0.0731,4184.14,4123.32,,
2026-09-17,2026-09-18T15:01:09-03:00,Tesouro IPCA+ com Juros Semestrais 2037,IPCA,2037-05-15,0.0746,0.0758,4354.84,4315.74,,
2026-09-17,2026-09-18T15:01:09-03:00,Tesouro IPCA+ com Juros Semestrais 2050,IPCA,2050-08-15,0.0728,0.07400000000000001,4111.53,4054.49,,
2026-09-17,2026-09-18T15:01:09-03:00,Tesouro IPCA+ com Juros Semestrais 2040,IPCA,2040-08-15,0.0733,0.0745,4243.61,4197.95,,
2026-09-17,2026-09-18T15:01:09-03:00,Tesouro IPCA+ com Juros Semestrais 2030,IPCA,2030-08-15,0.0755,0.0767,4530.14,4510.42,,
2026-09-17,2026-09-18T15:01:09-03:00,Tesouro IPCA+ com Juros Semestrais 2035,IPCA,2035-05-15,0.07540000000000001,0.0766,4397.17,4362.85,,
2026-09-17,2026-09-18T15:01:09-03:00,Tesouro IPCA+ com Juros Semestrais 2032,IPCA,2032-08-15,0.0759,0.0771,4424.1,4397.54,,
2026-09-17,2026-09-18T15:01:09-03:00,Tesouro IPCA+ 2032,IPCA,2032-08-15,0.0761,0.07730000000000001,3075.64,3054.11,,
2026-09-17,2026-09-18T15:01:09-03:00,Tesouro IPCA+ 2029,IPCA,2029-05-15,0.0743,0.0755,3919.56,3906.24,,
2026-09-17,2026-09-18T15:01:09-03:00,Tesouro IPCA+ 2050,IPCA,2050-08-15,0.0719,0.0731,909.06,884.81,,
2026-09-17,2026-09-18T15:01:09-03:00,Tesouro IPCA+ 2035,IPCA,2035-05-15,0.0755,0.0767,2531.08,2505.75,,
2026-09-17,2026-09-18T15:01:09-03:00,Tesouro IPCA+ 2045,IPCA,2045-05-15,0.0724,0.0736,1294.77,1267.61,,
2026-09-17,2026-09-18T15:01:09-03:00,Tesouro IPCA+ 2040,IPCA,2040-08-15,0.0726,0.0738,1795.0,1766.64,,
2026-09-17,2026-09-18T15:01:09-03:00,Tesouro IGPM+ com Juros Semestrais 2031,IGP-M,2031-01-01,0.0787,0.0799,7718.89,7684.59,,
2026-09-17,2026-09-18T15:01:09-03:00,Tesouro Prefixado com Juros Semestrais 2031,PREFIXADO,2031-01-01,0.1408,0.142,902.04,898.31,,
2026-09-17,2026-09-18T15:01:09-03:00,Tesouro Prefixado com Juros Semestrais 2033,PREFIXADO,2033-01-01,0.1419,0.1431,860.88,856.32,,
2026-09-17,2026-09-18T15:01:09-03:00,Tesouro Prefixado com Juros Semestrais 2027,PREFIXADO,2027-01-01,0.1333,0.1345,1012.47,1011.66,,
2026-09-17,2026-09-18T15:01:09-03:00,Tesouro Prefixado com Juros Semestrais 2037,PREFIXADO,2037-01-01,0.1419,0.1431,810.33,804.79,,
2026-09-17,2026-09-18T15:01:09-03:00,Tesouro Prefixado com Juros Semestrais 2029,PREFIXADO,2029-01-01,0.1359,0.1371,957.94,955.4,,
2026-09-17,2026-09-18T15:01:09-03:00,Tesouro Prefixado com Juros Semestrais 2035,PREFIXADO,2035-01-01,0.1421,0.1433,831.73,826.6,,
2026-09-17,2026-09-18T15:01:09-03:00,Tesouro Renda+ Aposentadoria Extra 2049,IPCA,2049-12-15,0.0735,0.0747,2012.95,1987.61,,
2026-09-17,2026-09-18T15:01:09-03:00,Tesouro Renda+ Aposentadoria Extra 2069,IPCA,2069-12-15,0.0702,0.0714,540.53,521.9,,
2026-09-17,2026-09-18T15:01:09-03:00,Tesouro Renda+ Aposentadoria Extra 2074,IPCA,2074-12-15,0.0699,0.07110000000000001,389.71,374.18,,
2026-09-17,2026-09-18T15:01:09-03:00,Tesouro Renda+ Aposentadoria Extra 2084,IPCA,2084-12-15,0.0698,0.071,199.95,189.85,,
2026-09-17,2026-09-18T15:01:09-03:00,Tesouro Renda+ Aposentadoria Extra 2064,IPCA,2064-12-15,0.0709,0.0721,744.54,722.92,,
2026-09-17,2026-09-18T15:01:09-03:00,Tesouro Renda+ Aposentadoria Extra 2054,IPCA,2054-12-15,0.0726,0.0738,1434.0,1408.05,,
2026-09-17,2026-09-18T15:01:09-03:00,Tesouro Renda+ Aposentadoria Extra 2079,IPCA,2079-12-15,0.0698,0.071,279.59,266.96,,
2026-09-17,2026-09-18T15:01:09-03:00,Tesouro Renda+ Aposentadoria Extra 2059,IPCA,2059-12-15,0.0716,0.0728,1032.11,1007.76,,
2026-09-17,2026-09-18T15:01:09-03:00,Tesouro Educa+ 2040,IPCA,2040-12-15,0.0737,0.07490000000000001,2068.82,2041.33,,
2026-09-17,2026-09-18T15:01:09-03:00,Tesouro Educa+ 2043,IPCA,2043-12-15,0.0727,0.0739,1695.74,1667.61,,
2026-09-17,2026-09-18T15:01:09-03:00,Tesouro Educa+ 2042,IPCA,2042-12-15,0.0729,0.0741,1813.98,1785.88,,
2026-09-17,2026-09-18T15:01:09-03:00,Tesouro Educa+ 2032,IPCA,2032-12-15,0.0753,0.0765,3622.44,3606.2,,
2026-09-17,2026-09-18T15:01:09-03:00,Tesouro Educa+ 2036,IPCA,2036-12-15,0.0755,0.0767,2709.35,2685.26,,
2026-09-17,2026-09-18T15:01:09-03:00,Tesouro Educa+ 2045,IPCA,2045-12-15,0.0725,0.0737,1479.3,1451.52,,
2026-09-17,2026-09-18T15:01:09-03:00,Tesouro Educa+ 2033,IPCA,2033-12-15,0.0757,0.07690000000000001,3364.5,3345.7,,
2026-09-17,2026-09-18T15:01:09-03:00,Tesouro Educa+ 2037,IPCA,2037-12-15,0.0752,0.0764,2526.33,2501.08,,
2026-09-17,2026-09-18T15:01:09-03:00,Tesouro Educa+ 2031,IPCA,2031-12-15,0.07440000000000001,0.0756,3902.09,3888.9,,
2026-09-17,2026-09-18T15:01:09-03:00,Tesouro Educa+ 2039,IPCA,2039-12-15,0.0742,0.07540000000000001,2209.59,2182.66,,
2026-09-17,2026-09-18T15:01:09-03:00,Tesouro Educa+ 2047,IPCA,2047-12-15,0.0724,0.0736,1289.59,1262.56,,
2026-09-17,2026-09-18T15:01:09-03:00,Tesouro Educa+ 2046,IPCA,2046-12-15,0.0724,0.0736,1382.2,1354.74,,
2026-09-17,2026-09-18T15:01:09-03:00,Tesouro Educa+ 2038,IPCA,2038-12-15,0.0747,0.0759,2361.59,2335.4,,
2026-09-17,2026-09-18T15:01:09-03:00,Tesouro Educa+ 2035,IPCA,2035-12-15,0.0757,0.07690000000000001,2909.25,2886.58,,
2026-09-17,2026-09-18T15:01:09-03:00,Tesouro Educa+ 2044,IPCA,2044-12-15,0.0725,0.0737,1585.92,1557.86,,
2026-09-17,2026-09-18T15:01:09-03:00,Tesouro Educa+ 2034,IPCA,2034-12-15,0.0758,0.077,3126.9,3105.99,,
2026-09-17,2026-09-18T15:01:09-03:00,Tesouro Educa+ 2048,IPCA,2048-12-15,0.0723,0.0735,1205.38,1178.8,,
2026-09-17,2026-09-18T15:01:09-03:00,Tesouro Educa+ 2041,IPCA,2041-12-15,0.0732,0.07440000000000001,1938.75,1910.85,,
2026-09-17,2026-09-18T15:01:09-03:00,Tesouro Educa+ 2030,IPCA,2030-12-15,0.0737,0.07490000000000001,3467.23,3457.74,,
2026-09-18,2026-09-24T15:47:38-03:00,Tesouro Selic 2031,SELIC,2031-03-01,0.0007000000000000001,0.0008,19851.5,19832.55,,
2026-09-18,2026-09-24T15:47:38-03:00,Tesouro Selic 2028,SELIC,2028-03-01,0.0002,0.0003,19911.17,19898.12,,
2026-09-18,2026-09-24T15:47:38-03:00,Tesouro Selic 2029,SELIC,2029-03-01,0.0003,0.0004,19900.69,19885.68,,
2026-09-18,2026-09-24T15:47:38-03:00,Tesouro Selic 2027,SELIC,2027-03-01,0.0001,0.0002,19915.15,19904.1,,
2026-09-18,2026-09-24T15:47:38-03:00,Tesouro Prefixado 2031,PREFIXADO,2031-01-01,0.141,0.14220000000000002,571.16,568.32,,
2026-09-18,2026-09-24T15:47:38-03:00,Tesouro Prefixado 2027,PREFIXADO,2027-01-01,0.1354,0.1366,965.34,964.56,,
2026-09-18,2026-09-24T15:47:38-03:00,Tesouro Prefixado 2028,PREFIXADO,2028-01-01,0.136,0.13720000000000002,850.07,848.5,,
2026-09-18,2026-09-24T15:47:38-03:00,Tesouro Prefixado 2029,PREFIXADO,2029-01-01,0.1385,0.13970000000000002,746.11,743.95,,
2026-09-18,2026-09-24T15:47:38-03:00,Tesouro Prefixado 2032,PREFIXADO,2032-01-01,0.1419,0.1431,498.51,495.51,,
2026-09-18,2026-09-24T15:47:38-03:00,Tesouro IPCA+ com Juros Semestrais 2035,IPCA,2035-05-15,0.0755,0.0767,4398.19,4362.27,,
2026-09-18,2026-09-24T15:47:38-03:00,Tesouro IPCA+ com Juros Semestrais 2032,IPCA,2032-08-15,0.0755,0.0767,4436.04,4407.79,,
2026-09-18,2026-09-24T15:47:38-03:00,Tesouro IPCA+ com Juros Semestrais 2037,IPCA,2037-05-15,0.0748,0.076,4352.31,4311.66,,
2026-09-18,2026-09-24T15:47:38-03:00,Tesouro IPCA+ com Juros Semestrais 2055,IPCA,2055-05-15,0.0721,0.0733,4177.71,4115.56,,
2026-09-18,2026-09-24T15:47:38-03:00,Tesouro IPCA+ com Juros Semestrais 2060,IPCA,2060-08-15,0.0719,0.0731,4085.26,4020.88,,
2026-09-18,2026-09-24T15:47:38-03:00,Tesouro IPCA+ com Juros Semestrais 2045,IPCA,2045-05-15,0.0732,0.07440000000000001,4235.04,4181.35,,
2026-09-18,2026-09-24T15:47:38-03:00,Tesouro IPCA+ com Juros Semestrais 2050,IPCA,2050-08-15,0.0728,0.07400000000000001,4114.97,4056.4,,
2026-09-18,2026-09-24T15:47:38-03:00,Tesouro IPCA+ com Juros Semestrais 2040,IPCA,2040-08-15,0.0734,0.0746,4243.5,4196.32,,
2026-09-18,2026-09-24T15:47:38-03:00,Tesouro IPCA+ com Juros Semestrais 2030,IPCA,2030-08-15,0.075,0.0762,4541.32,4519.89,,
2026-09-18,2026-09-24T15:47:38-03:00,Tesouro IPCA+ 2045,IPCA,2045-05-15,0.0726,0.0738,1291.38,1263.84,,
2026-09-18,2026-09-24T15:47:38-03:00,Tesouro IPCA+ 2032,IPCA,2032-08-15,0.0758,0.077,3083.29,3060.58,,
2026-09-18,2026-09-24T15:47:38-03:00,Tesouro IPCA+ 2029,IPCA,2029-05-15,0.0737,0.07490000000000001,3928.6,3913.82,,
2026-09-18,2026-09-24T15:47:38-03:00,Tesouro IPCA+ 2040,IPCA,2040-08-15,0.0727,0.0739,1794.19,1765.19,,
2026-09-18,2026-09-24T15:47:38-03:00,Tesouro IPCA+ 2035,IPCA,2035-05-15,0.0757,0.07690000000000001,2529.18,2502.95,,
2026-09-18,2026-09-24T15:47:38-03:00,Tesouro IPCA+ 2050,IPCA,2050-08-15,0.0719,0.0731,909.82,885.22,,
2026-09-18,2026-09-24T15:47:38-03:00,Tesouro IGPM+ com Juros Semestrais 2031,IGP-M,2031-01-01,0.07830000000000001,0.0795,7738.39,7699.19,,
2026-09-18,2026-09-24T15:47:38-03:00,Tesouro Prefixado com Juros Semestrais 2027,PREFIXADO,2027-01-01,0.1332,0.1344,1013.0,1012.19,,
2026-09-18,2026-09-24T15:47:38-03:00,Tesouro Prefixado com Juros Semestrais 2037,PREFIXADO,2037-01-01,0.14250000000000002,0.1437,808.19,802.68,,
2026-09-18,2026-09-24T15:47:38-03:00,Tesouro Prefixado com Juros Semestrais 2029,PREFIXADO,2029-01-01,0.1363,0.1375,957.74,955.2,,
2026-09-18,2026-09-24T15:47:38-03:00,Tesouro Prefixado com Juros Semestrais 2033,PREFIXADO,2033-01-01,0.1424,0.1436,859.62,855.07,,
2026-09-18,2026-09-24T15:47:38-03:00,Tesouro Prefixado com Juros Semestrais 2035,PREFIXADO,2035-01-01,0.1426,0.1438,830.21,825.1,,
2026-09-18,2026-09-24T15:47:38-03:00,Tesouro Prefixado com Juros Semestrais 2031,PREFIXADO,2031-01-01,0.1411,0.1423,901.7,897.97,,
2026-09-18,2026-09-24T15:47:38-03:00,Tesouro Renda+ Aposentadoria Extra 2054,IPCA,2054-12-15,0.0727,0.0739,1433.07,1406.63,,
2026-09-18,2026-09-24T15:47:38-03:00,Tesouro Renda+ Aposentadoria Extra 2064,IPCA,2064-12-15,0.07110000000000001,0.0723,741.56,719.77,,
2026-09-18,2026-09-24T15:47:38-03:00,Tesouro Renda+ Aposentadoria Extra 2069,IPCA,2069-12-15,0.0704,0.0716,537.86,519.14,,
2026-09-18,2026-09-24T15:47:38-03:00,Tesouro Renda+ Aposentadoria Extra 2059,IPCA,2059-12-15,0.0717,0.0729,1030.95,1006.27,,
2026-09-18,2026-09-24T15:47:38-03:00,Tesouro Renda+ Aposentadoria Extra 2049,IPCA,2049-12-15,0.0736,0.0748,2012.58,1986.53,,
2026-09-18,2026-09-24T15:47:38-03:00,Tesouro Renda+ Aposentadoria Extra 2084,IPCA,2084-12-15,0.0699,0.07110000000000001,199.25,189.12,,
2026-09-18,2026-09-24T15:47:38-03:00,Tesouro Renda+ Aposentadoria Extra 2079,IPCA,2079-12-15,0.0699,0.07110000000000001,278.76,266.06,,
2026-09-18,2026-09-24T15:47:38-03:00,Tesouro Renda+ Aposentadoria Extra 2074,IPCA,2074-12-15,0.07,0.0712,388.72,373.1,,
2026-09-18,2026-09-24T15:47:38-03:00,Tesouro Educa+ 2041,IPCA,2041-12-15,0.0735,0.0747,1933.58,1905.06,,
2026-09-18,2026-09-24T15:47:38-03:00,Tesouro Educa+ 2037,IPCA,2037-12-15,0.0753,0.0765,2526.45,2500.29,,
2026-09-18,2026-09-24T15:47:38-03:00,Tesouro Educa+ 2047,IPCA,2047-12-15,0.0725,0.0737,1288.44,1260.97,,
2026-09-18,2026-09-24T15:47:38-03:00,Tesouro Educa+ 2046,IPCA,2046-12-15,0.0726,0.0738,1378.84,1350.95,,
2026-09-18,2026-09-24T15:47:38-03:00,Tesouro Educa+ 2040,IPCA,2040-12-15,0.0739,0.0751,2066.11,2037.9,,
2026-09-18,2026-09-24T15:47:38-03:00,Tesouro Educa+ 2033,IPCA,2033-12-15,0.0752,0.0764,3374.54,3354.46,,
2026-09-18,2026-09-24T15:47:38-03:00,Tesouro Educa+ 2045,IPCA,2045-12-15,0.0726,0.0738,1478.26,1449.97,,
2026-09-18,2026-09-24T15:47:38-03:00,Tesouro Educa+ 2034,IPCA,2034-12-15,0.0755,0.0767,3134.43,3112.32,,
2026-09-18,2026-09-24T15:47:38-03:00,Tesouro Educa+ 2030,IPCA,2030-12-15,0.0731,0.0743,3474.08,3463.3,,
2026-09-18,2026-09-24T15:47:38-03:00,Tesouro Educa+ 2036,IPCA,2036-12-15,0.0756,0.0768,2709.74,2684.65,,
2026-09-18,2026-09-24T15:47:38-03:00,Tesouro Educa+ 2035,IPCA,2035-12-15,0.0756,0.0768,2913.5,2889.73,,
2026-09-18,2026-09-24T15:47:38-03:00,Tesouro Educa+ 2048,IPCA,2048-12-15,0.0724,0.0736,1204.19,1177.21,,
2026-09-18,2026-09-24T15:47:38-03:00,Tesouro Educa+ 2044,IPCA,2044-12-15,0.0727,0.0739,1582.65,1554.09,,
2026-09-18,2026-09-24T15:47:38-03:00,Tesouro Educa+ 2043,IPCA,2043-12-15,0.0728,0.07400000000000001,1694.86,1666.13,,
2026-09-18,2026-09-24T15:47:38-03:00,Tesouro Educa+ 2039,IPCA,2039-12-15,0.0745,0.0757,2204.94,2177.27,,
2026-09-18,2026-09-24T15:47:38-03:00,Tesouro Educa+ 2038,IPCA,2038-12-15,0.075,0.0762,2357.28,2330.28,,
2026-09-18,2026-09-24T15:47:38-03:00,Tesouro Educa+ 2042,IPCA,2042-12-15,0.0731,0.0743,1810.93,1782.22,,
2026-09-18,2026-09-24T15:47:38-03:00,Tesouro Educa+ 2031,IPCA,2031-12-15,0.0738,0.075,3911.07,3896.41,,
2026-09-18,2026-09-24T15:47:38-03:00,Tesouro Educa+ 2032,IPCA,2032-12-15,0.0748,0.076,3631.58,3613.96,,
2026-09-24,2026-09-25T16:05:43-03:00,Tesouro Selic 2028,SELIC,2028-03-01,0.0002,0.0003,19950.41,19937.36,,
2026-09-24,2026-09-25T16:05:43-03:00,Tesouro Selic 2027,SELIC,2027-03-01,0.0,0.0001,19956.06,19945.02,,
2026-09-24,2026-09-25T16:05:43-03:00,Tesouro Selic 2031,SELIC,2031-03-01,0.0007000000000000001,0.0008,19891.48,19872.54,,
2026-09-24,2026-09-25T16:05:43-03:00,Tesouro Selic 2029,SELIC,2029-03-01,0.0003,0.0004,19940.53,19925.51,,
2026-09-24,2026-09-25T16:05:43-03:00,Tesouro Prefixado 2029,PREFIXADO,2029-01-01,0.1383,0.13949999999999999,747.94,745.79,,
2026-09-24,2026-09-25T16:05:43-03:00,Tesouro Prefixado 2031,PREFIXADO,2031-01-01,0.14070000000000002,0.1419,573.0,570.15,,
2026-09-24,2026-09-25T16:05:43-03:00,Tesouro Prefixado 2027,PREFIXADO,2027-01-01,0.1354,0.1366,967.28,966.53,,
2026-09-24,2026-09-25T16:05:43-03:00,Tesouro Prefixado 2032,PREFIXADO,2032-01-01,0.1414,0.1426,500.71,497.7,,
2026-09-24,2026-09-25T16:05:43-03:00,Tesouro Prefixado 2028,PREFIXADO,2028-01-01,0.1355,0.13670000000000002,852.27,850.7,,
2026-09-24,2026-09-25T16:05:43-03:00,Tesouro IPCA+ com Juros Semestrais 2030,IPCA,2030-08-15,0.0768,0.078,4523.65,4504.06,,
2026-09-24,2026-09-25T16:05:43-03:00,Tesouro IPCA+ com Juros Semestrais 2045,IPCA,2045-05-15,0.0735,0.0747,4230.32,4178.38,,
2026-09-24,2026-09-25T16:05:43-03:00,Tesouro IPCA+ com Juros Semestrais 2035,IPCA,2035-05-15,0.076,0.0772,4393.11,4358.95,,
2026-09-24,2026-09-25T16:05:43-03:00,Tesouro IPCA+ com Juros Semestrais 2055,IPCA,2055-05-15,0.0723,0.0735,4175.56,4115.14,,
2026-09-24,2026-09-25T16:05:43-03:00,Tesouro IPCA+ com Juros Semestrais 2037,IPCA,2037-05-15,0.0753,0.0765,4345.08,4306.21,,
2026-09-24,2026-09-25T16:05:43-03:00,Tesouro IPCA+ com Juros Semestrais 2032,IPCA,2032-08-15,0.0766,0.07780000000000001,4422.04,4395.61,,
2026-09-24,2026-09-25T16:05:43-03:00,Tesouro IPCA+ com Juros Semestrais 2040,IPCA,2040-08-15,0.0739,0.0751,4233.18,4187.8,,
2026-09-24,2026-09-25T16:05:43-03:00,Tesouro IPCA+ com Juros Semestrais 2050,IPCA,2050-08-15,0.0729,0.0741,4117.99,4060.99,,
2026-09-24,2026-09-25T16:05:43-03:00,Tesouro IPCA+ com Juros Semestrais 2060,IPCA,2060-08-15,0.0722,0.0734,4077.4,4014.87,,
2026-09-24,2026-09-25T16:05:43-03:00,Tesouro IPCA+ 2050,IPCA,2050-08-15,0.0716,0.0728,917.58,893.11,,
2026-09-24,2026-09-25T16:05:43-03:00,Tesouro IPCA+ 2045,IPCA,2045-05-15,0.0727,0.0739,1291.55,1264.5,,
2026-09-24,2026-09-25T16:05:43-03:00,Tesouro IPCA+ 2032,IPCA,2032-08-15,0.0768,0.078,3072.42,3051.0,,
2026-09-24,2026-09-25T16:05:43-03:00,Tesouro IPCA+ 2040,IPCA,2040-08-15,0.0731,0.0743,1788.3,1760.09,,
2026-09-24,2026-09-25T16:05:43-03:00,Tesouro IPCA+ 2035,IPCA,2035-05-15,0.0761,0.07730000000000001,2525.94,2500.72,,
2026-09-24,2026-09-25T16:05:43-03:00,Tesouro IPCA+ 2029,IPCA,2029-05-15,0.075,0.0762,3923.59,3910.35,,
2026-09-24,2026-09-25T16:05:43-03:00,Tesouro IGPM+ com Juros Semestrais 2031,IGP-M,2031-01-01,0.0788,0.08,7783.76,7747.74,,
2026-09-24,2026-09-25T16:05:43-03:00,Tesouro Prefixado com Juros Semestrais 2031,PREFIXADO,2031-01-01,0.1408,0.142,904.4,900.68,,
2026-09-24,2026-09-25T16:05:43-03:00,Tesouro Prefixado com Juros Semestrais 2027,PREFIXADO,2027-01-01,0.1332,0.1344,1015.01,1014.22,,
2026-09-24,2026-09-25T16:05:43-03:00,Tesouro Prefixado com Juros Semestrais 2037,PREFIXADO,2037-01-01,0.1416,0.1428,813.75,808.2,,
2026-09-24,2026-09-25T16:05:43-03:00,Tesouro Prefixado com Juros Semestrais 2035,PREFIXADO,2035-01-01,0.1417,0.1429,835.5,830.36,,
2026-09-24,2026-09-25T16:05:43-03:00,Tesouro Prefixado com Juros Semestrais 2029,PREFIXADO,2029-01-01,0.1361,0.1373,960.03,957.5,,
2026-09-24,2026-09-25T16:05:43-03:00,Tesouro Prefixado com Juros Semestrais 2033,PREFIXADO,2033-01-01,0.1417,0.1429,863.83,859.28,,
2026-09-24,2026-09-25T16:05:43-03:00,Tesouro Renda+ Aposentadoria Extra 2079,IPCA,2079-12-15,0.0703,0.07150000000000001,275.04,262.62,,
2026-09-24,2026-09-25T16:05:43-03:00,Tesouro Renda+ Aposentadoria Extra 2074,IPCA,2074-12-15,0.0703,0.07150000000000001,385.54,370.19,,
2026-09-24,2026-09-25T16:05:43-03:00,Tesouro Renda+ Aposentadoria Extra 2054,IPCA,2054-12-15,0.0728,0.07400000000000001,1433.61,1407.71,,
2026-09-24,2026-09-25T16:05:43-03:00,Tesouro Renda+ Aposentadoria Extra 2064,IPCA,2064-12-15,0.07110000000000001,0.0723,742.92,721.37,,
2026-09-24,2026-09-25T16:05:43-03:00,Tesouro Renda+ Aposentadoria Extra 2084,IPCA,2084-12-15,0.0703,0.07150000000000001,196.23,186.33,,
2026-09-24,2026-09-25T16:05:43-03:00,Tesouro Renda+ Aposentadoria Extra 2049,IPCA,2049-12-15,0.07400000000000001,0.0752,2008.18,1982.98,,
2026-09-24,2026-09-25T16:05:43-03:00,Tesouro Renda+ Aposentadoria Extra 2059,IPCA,2059-12-15,0.0718,0.073,1030.84,1006.56,,
2026-09-24,2026-09-25T16:05:43-03:00,Tesouro Renda+ Aposentadoria Extra 2069,IPCA,2069-12-15,0.0706,0.0718,535.74,517.3,,
2026-09-24,2026-09-25T16:05:43-03:00,Tesouro Educa+ 2036,IPCA,2036-12-15,0.0762,0.07740000000000001,2703.47,2679.5,,
2026-09-24,2026-09-25T16:05:43-03:00,Tesouro Educa+ 2037,IPCA,2037-12-15,0.0758,0.077,2521.2,2496.07,,
2026-09-24,2026-09-25T16:05:43-03:00,Tesouro Educa+ 2031,IPCA,2031-12-15,0.0751,0.0763,3906.15,3893.04,,
2026-09-24,2026-09-25T16:05:43-03:00,Tesouro Educa+ 2042,IPCA,2042-12-15,0.0734,0.0746,1807.46,1779.5,,
2026-09-24,2026-09-25T16:05:43-03:00,Tesouro Educa+ 2039,IPCA,2039-12-15,0.07490000000000001,0.0761,2200.46,2173.7,,
2026-09-24,2026-09-25T16:05:43-03:00,Tesouro Educa+ 2044,IPCA,2044-12-15,0.073,0.0742,1578.73,1550.85,,
2026-09-24,2026-09-25T16:05:43-03:00,Tesouro Educa+ 2034,IPCA,2034-12-15,0.0767,0.0779,3120.95,3100.16,,
2026-09-24,2026-09-25T16:05:43-03:00,Tesouro Educa+ 2047,IPCA,2047-12-15,0.0726,0.0738,1288.61,1261.64,,
2026-09-24,2026-09-25T16:05:43-03:00,Tesouro Educa+ 2041,IPCA,2041-12-15,0.0738,0.075,1930.43,1902.7,,
2026-09-24,2026-09-25T16:05:43-03:00,Tesouro Educa+ 2048,IPCA,2048-12-15,0.0724,0.0736,1206.43,1179.86,,
2026-09-24,2026-09-25T16:05:43-03:00,Tesouro Educa+ 2043,IPCA,2043-12-15,0.0731,0.0743,1691.14,1663.13,,
2026-09-24,2026-09-25T16:05:43-03:00,Tesouro Educa+ 2038,IPCA,2038-12-15,0.07540000000000001,0.0766,2353.37,2327.34,,
2026-09-24,2026-09-25T16:05:43-03:00,Tesouro Educa+ 2035,IPCA,2035-12-15,0.0765,0.07769999999999999,2903.06,2880.51,,
2026-09-24,2026-09-25T16:05:43-03:00,Tesouro Educa+ 2032,IPCA,2032-12-15,0.0762,0.07740000000000001,3621.53,3605.38,,
2026-09-24,2026-09-25T16:05:43-03:00,Tesouro Educa+ 2033,IPCA,2033-12-15,0.0766,0.07780000000000001,3360.88,3342.2,,
2026-09-24,2026-09-25T16:05:43-03:00,Tesouro Educa+ 2045,IPCA,2045-12-15,0.0728,0.07400000000000001,1476.45,1448.76,,
2026-09-24,2026-09-25T16:05:43-03:00,Tesouro Educa+ 2030,IPCA,2030-12-15,0.0742,0.07540000000000001,3473.4,3463.97,,
2026-09-24,2026-09-25T16:05:43-03:00,Tesouro Educa+ 2046,IPCA,2046-12-15,0.0727,0.0739,1379.15,1351.79,,
2026-09-24,2026-09-25T16:05:43-03:00,Tesouro Educa+ 2040,IPCA,2040-12-15,0.0743,0.0755,2061.12,2033.78,,
2026-09-25,2026-09-28T18:01:24-03:00,Tesouro Selic 2029,SELIC,2029-03-01,0.0003,0.0004,19949.88,19934.86,,
2026-09-25,2026-09-28T18:01:24-03:00,Tesouro Selic 2027,SELIC,2027-03-01,0.0,0.0001,19966.21,19955.17,,
2026-09-25,2026-09-28T18:01:24-03:00,Tesouro Selic 2028,SELIC,2028-03-01,0.0002,0.0003,19960.08,19947.03,,
2026-09-25,2026-09-28T18:01:24-03:00,Tesouro Selic 2031,SELIC,2031-03-01,0.0007000000000000001,0.0008,19901.38,19882.43,,
2026-09-25,2026-09-28T18:01:24-03:00,Tesouro Prefixado 2028,PREFIXADO,2028-01-01,0.13670000000000002,0.1379,851.57,850.01,,
2026-09-25,2026-09-28T18:01:24-03:00,Tesouro Prefixado 2032,PREFIXADO,2032-01-01,0.1413,0.14250000000000002,501.2,498.19,,
2026-09-25,2026-09-28T18:01:24-03:00,Tesouro Prefixado 2029,PREFIXADO,2029-01-01,0.1391,0.1403,747.15,745.0,,
2026-09-25,2026-09-28T18:01:24-03:00,Tesouro Prefixado 2027,PREFIXADO,2027-01-01,0.1355,0.13670000000000002,967.75,966.99,,
2026-09-25,2026-09-28T18:01:24-03:00,Tesouro Prefixado 2031,PREFIXADO,2031-01-01,0.14070000000000002,0.1419,573.3,570.45,,
2026-09-25,2026-09-28T18:01:24-03:00,Tesouro IPCA+ com Juros Semestrais 2040,IPCA,2040-08-15,0.0735,0.0747,4251.35,4204.18,,
2026-09-25,2026-09-28T18:01:24-03:00,Tesouro IPCA+ com Juros Semestrais 2050,IPCA,2050-08-15,0.0726,0.0738,4135.41,4076.56,,
2026-09-25,2026-09-28T18:01:24-03:00,Tesouro IPCA+ com Juros Semestrais 2030,IPCA,2030-08-15,0.0765,0.07769999999999999,4531.87,4510.59,,
2026-09-25,2026-09-28T18:01:24-03:00,Tesouro IPCA+ com Juros Semestrais 2037,IPCA,2037-05-15,0.075,0.0762,4358.03,4317.44,,
2026-09-25,2026-09-28T18:01:24-03:00,Tesouro IPCA+ com Juros Semestrais 2055,IPCA,2055-05-15,0.0719,0.0731,4198.88,4136.41,,
2026-09-25,2026-09-28T18:01:24-03:00,Tesouro IPCA+ com Juros Semestrais 2035,IPCA,2035-05-15,0.0756,0.0768,4407.6,4371.7,,
2026-09-25,2026-09-28T18:01:24-03:00,Tesouro IPCA+ com Juros Semestrais 2032,IPCA,2032-08-15,0.0763,0.0775,4431.91,4403.79,,
2026-09-25,2026-09-28T18:01:24-03:00,Tesouro IPCA+ com Juros Semestrais 2060,IPCA,2060-08-15,0.07200000000000001,0.0732,4091.07,4026.75,,
2026-09-25,2026-09-28T18:01:24-03:00,Tesouro IPCA+ com Juros Semestrais 2045,IPCA,2045-05-15,0.0731,0.0743,4250.74,4196.91,,
2026-09-25,2026-09-28T18:01:24-03:00,Tesouro IPCA+ 2029,IPCA,2029-05-15,0.0752,0.0764,3925.01,3910.32,,
2026-09-25,2026-09-28T18:01:24-03:00,Tesouro IPCA+ 2040,IPCA,2040-08-15,0.0727,0.0739,1799.03,1769.99,,
2026-09-25,2026-09-28T18:01:24-03:00,Tesouro IPCA+ 2035,IPCA,2035-05-15,0.0756,0.0768,2538.17,2511.9,,
2026-09-25,2026-09-28T18:01:24-03:00,Tesouro IPCA+ 2050,IPCA,2050-08-15,0.0714,0.0726,922.42,897.49,,
2026-09-25,2026-09-28T18:01:24-03:00,Tesouro IPCA+ 2045,IPCA,2045-05-15,0.0722,0.0734,1303.84,1276.05,,
2026-09-25,2026-09-28T18:01:24-03:00,Tesouro IPCA+ 2032,IPCA,2032-08-15,0.0765,0.07769999999999999,3080.05,3057.45,,
2026-09-25,2026-09-28T18:01:24-03:00,Tesouro IGPM+ com Juros Semestrais 2031,IGP-M,2031-01-01,0.0787,0.0799,7800.79,7756.62,,
2026-09-25,2026-09-28T18:01:24-03:00,Tesouro Prefixado com Juros Semestrais 2027,PREFIXADO,2027-01-01,0.1329,0.1341,1015.58,1014.8,,
2026-09-25,2026-09-28T18:01:24-03:00,Tesouro Prefixado com Juros Semestrais 2037,PREFIXADO,2037-01-01,0.1411,0.1423,816.32,810.75,,
2026-09-25,2026-09-28T18:01:24-03:00,Tesouro Prefixado com Juros Semestrais 2029,PREFIXADO,2029-01-01,0.1369,0.1381,959.15,956.63,,
2026-09-25,2026-09-28T18:01:24-03:00,Tesouro Prefixado com Juros Semestrais 2035,PREFIXADO,2035-01-01,0.1413,0.14250000000000002,837.52,832.36,,
2026-09-25,2026-09-28T18:01:24-03:00,Tesouro Prefixado com Juros Semestrais 2031,PREFIXADO,2031-01-01,0.1409,0.1421,904.6,900.89,,
2026-09-25,2026-09-28T18:01:24-03:00,Tesouro Prefixado com Juros Semestrais 2033,PREFIXADO,2033-01-01,0.14150000000000001,0.1427,864.97,860.41,,
2026-09-25,2026-09-28T18:01:24-03:00,Tesouro Renda+ Aposentadoria Extra 2084,IPCA,2084-12-15,0.0704,0.0716,195.55,185.62,,
2026-09-25,2026-09-28T18:01:24-03:00,Tesouro Renda+ Aposentadoria Extra 2064,IPCA,2064-12-15,0.0709,0.0721,747.14,725.2,,
2026-09-25,2026-09-28T18:01:24-03:00,Tesouro Renda+ Aposentadoria Extra 2059,IPCA,2059-12-15,0.0714,0.0726,1039.78,1014.9,,
2026-09-25,2026-09-28T18:01:24-03:00,Tesouro Renda+ Aposentadoria Extra 2049,IPCA,2049-12-15,0.0736,0.0748,2018.05,1991.97,,
2026-09-25,2026-09-28T18:01:24-03:00,Tesouro Renda+ Aposentadoria Extra 2079,IPCA,2079-12-15,0.0704,0.0716,274.22,261.75,,
2026-09-25,2026-09-28T18:01:24-03:00,Tesouro Renda+ Aposentadoria Extra 2069,IPCA,2069-12-15,0.0704,0.0716,539.29,520.53,,
2026-09-25,2026-09-28T18:01:24-03:00,Tesouro Renda+ Aposentadoria Extra 2074,IPCA,2074-12-15,0.0703,0.07150000000000001,385.86,370.36,,
2026-09-25,2026-09-28T18:01:24-03:00,Tesouro Renda+ Aposentadoria Extra 2054,IPCA,2054-12-15,0.0725,0.0737,1441.2,1414.63,,
2026-09-25,2026-09-28T18:01:24-03:00,Tesouro Educa+ 2035,IPCA,2035-12-15,0.0761,0.07730000000000001,2912.62,2888.94,,
2026-09-25,2026-09-28T18:01:24-03:00,Tesouro Educa+ 2037,IPCA,2037-12-15,0.07540000000000001,0.0766,2531.38,2505.22,,
2026-09-25,2026-09-28T18:01:24-03:00,Tesouro Educa+ 2046,IPCA,2046-12-15,0.0723,0.0735,1389.35,1361.27,,
2026-09-25,2026-09-28T18:01:24-03:00,Tesouro Educa+ 2048,IPCA,2048-12-15,0.07200000000000001,0.0732,1216.25,1189.02,,
2026-09-25,2026-09-28T18:01:24-03:00,Tesouro Educa+ 2032,IPCA,2032-12-15,0.076,0.0772,3627.02,3609.51,,
2026-09-25,2026-09-28T18:01:24-03:00,Tesouro Educa+ 2042,IPCA,2042-12-15,0.073,0.0742,1818.12,1789.33,,
2026-09-25,2026-09-28T18:01:24-03:00,Tesouro Educa+ 2034,IPCA,2034-12-15,0.0763,0.0775,3130.07,3108.07,,
2026-09-25,2026-09-28T18:01:24-03:00,Tesouro Educa+ 2033,IPCA,2033-12-15,0.0763,0.0775,3368.03,3348.07,,
2026-09-25,2026-09-28T18:01:24-03:00,Tesouro Educa+ 2041,IPCA,2041-12-15,0.0735,0.0747,1938.83,1910.27,,
2026-09-25,2026-09-28T18:01:24-03:00,Tesouro Educa+ 2045,IPCA,2045-12-15,0.0724,0.0736,1486.82,1458.39,,
2026-09-25,2026-09-28T18:01:24-03:00,Tesouro Educa+ 2031,IPCA,2031-12-15,0.075,0.0762,3910.4,3895.84,,
2026-09-25,2026-09-28T18:01:24-03:00,Tesouro Educa+ 2038,IPCA,2038-12-15,0.075,0.0762,2363.74,2336.73,,
2026-09-25,2026-09-28T18:01:24-03:00,Tesouro Educa+ 2040,IPCA,2040-12-15,0.07400000000000001,0.0752,2069.51,2041.3,,
2026-09-25,2026-09-28T18:01:24-03:00,Tesouro Educa+ 2047,IPCA,2047-12-15,0.0722,0.0734,1298.62,1270.95,,
2026-09-25,2026-09-28T18:01:24-03:00,Tesouro Educa+ 2039,IPCA,2039-12-15,0.0745,0.0757,2210.97,2183.27,,
2026-09-25,2026-09-28T18:01:24-03:00,Tesouro Educa+ 2030,IPCA,2030-12-15,0.0741,0.0753,3476.97,3466.26,,
2026-09-25,2026-09-28T18:01:24-03:00,Tesouro Educa+ 2036,IPCA,2036-12-15,0.0758,0.077,2713.39,2688.33,,
2026-09-25,2026-09-28T18:01:24-03:00,Tesouro Educa+ 2044,IPCA,2044-12-15,0.0725,0.0737,1591.52,1562.83,,
2026-09-25,2026-09-28T18:01:24-03:00,Tesouro Educa+ 2043,IPCA,2043-12-15,0.0727,0.0739,1701.74,1672.93,,
2026-09-28,2026-09-29T16:45:03-03:00,Tesouro Selic 2028,SELIC,2028-03-01,0.0003,0.0004,19969.5,19956.46,,
2026-09-28,2026-09-29T16:45:03-03:00,Tesouro Selic 2031,SELIC,2031-03-01,0.0008,0.0009,19910.23,19891.29,,
2026-09-28,2026-09-29T16:45:03-03:00,Tesouro Selic 2027,SELIC,2027-03-01,0.0,0.0001,19976.31,19965.29,,
2026-09-28,2026-09-29T16:45:03-03:00,Tesouro Selic 2029,SELIC,2029-03-01,0.0004,0.0005,19958.22,19943.2,,
2026-09-28,2026-09-29T16:45:03-03:00,Tesouro Prefixado 2031,PREFIXADO,2031-01-01,0.1409,0.1421,573.17,570.33,,
2026-09-28,2026-09-29T16:45:03-03:00,Tesouro Prefixado 2028,PREFIXADO,2028-01-01,0.13670000000000002,0.1379,852.0,850.44,,
2026-09-28,2026-09-29T16:45:03-03:00,Tesouro Prefixado 2029,PREFIXADO,2029-01-01,0.1393,0.1405,747.24,745.1,,
2026-09-28,2026-09-29T16:45:03-03:00,Tesouro Prefixado 2027,PREFIXADO,2027-01-01,0.13570000000000002,0.1369,968.19,967.44,,
2026-09-28,2026-09-29T16:45:03-03:00,Tesouro Prefixado 2032,PREFIXADO,2032-01-01,0.14150000000000001,0.1427,501.01,498.0,,
2026-09-28,2026-09-29T16:45:03-03:00,Tesouro IPCA+ com Juros Semestrais 2050,IPCA,2050-08-15,0.073,0.0742,4121.78,4064.58,,
2026-09-28,2026-09-29T16:45:03-03:00,Tesouro IPCA+ com Juros Semestrais 2040,IPCA,2040-08-15,0.07400000000000001,0.0752,4238.23,4192.63,,
2026-09-28,2026-09-29T16:45:03-03:00,Tesouro IPCA+ com Juros Semestrais 2030,IPCA,2030-08-15,0.0768,0.078,4533.04,4513.21,,
2026-09-28,2026-09-29T16:45:03-03:00,Tesouro IPCA+ com Juros Semestrais 2055,IPCA,2055-05-15,0.0723,0.0735,4184.09,4123.36,,
2026-09-28,2026-09-29T16:45:03-03:00,Tesouro IPCA+ com Juros Semestrais 2037,IPCA,2037-05-15,0.0755,0.0767,4347.88,4308.82,,
2026-09-28,2026-09-29T16:45:03-03:00,Tesouro IPCA+ com Juros Semestrais 2032,IPCA,2032-08-15,0.0767,0.0779,4429.18,4402.51,,
2026-09-28,2026-09-29T16:45:03-03:00,Tesouro IPCA+ com Juros Semestrais 2035,IPCA,2035-05-15,0.0761,0.07730000000000001,4399.52,4365.13,,
2026-09-28,2026-09-29T16:45:03-03:00,Tesouro IPCA+ com Juros Semestrais 2045,IPCA,2045-05-15,0.0735,0.0747,4239.0,4186.77,,
2026-09-28,2026-09-29T16:45:03-03:00,Tesouro IPCA+ com Juros Semestrais 2060,IPCA,2060-08-15,0.0722,0.0734,4085.72,4022.89,,
2026-09-28,2026-09-29T16:45:03-03:00,Tesouro IPCA+ 2045,IPCA,2045-05-15,0.0726,0.0738,1296.43,1269.21,,
2026-09-28,2026-09-29T16:45:03-03:00,Tesouro IPCA+ 2050,IPCA,2050-08-15,0.0718,0.073,915.39,890.94,,
2026-09-28,2026-09-29T16:45:03-03:00,Tesouro IPCA+ 2029,IPCA,2029-05-15,0.07540000000000001,0.0766,3927.89,3914.46,,
2026-09-28,2026-09-29T16:45:03-03:00,Tesouro IPCA+ 2035,IPCA,2035-05-15,0.0762,0.07740000000000001,2529.16,2503.79,,
2026-09-28,2026-09-29T16:45:03-03:00,Tesouro IPCA+ 2040,IPCA,2040-08-15,0.0732,0.07440000000000001,1789.66,1761.35,,
2026-09-28,2026-09-29T16:45:03-03:00,Tesouro IPCA+ 2032,IPCA,2032-08-15,0.07690000000000001,0.0781,3077.13,3055.53,,
2026-09-28,2026-09-29T16:45:03-03:00,Tesouro IGPM+ com Juros Semestrais 2031,IGP-M,2031-01-01,0.0786,0.07980000000000001,7809.69,7773.62,,
2026-09-28,2026-09-29T16:45:03-03:00,Tesouro Prefixado com Juros Semestrais 2035,PREFIXADO,2035-01-01,0.1414,0.1426,837.56,832.41,,
2026-09-28,2026-09-29T16:45:03-03:00,Tesouro Prefixado com Juros Semestrais 2031,PREFIXADO,2031-01-01,0.1411,0.1423,904.54,900.82,,
2026-09-28,2026-09-29T16:45:03-03:00,Tesouro Prefixado com Juros Semestrais 2033,PREFIXADO,2033-01-01,0.1416,0.1428,865.08,860.53,,
2026-09-28,2026-09-29T16:45:03-03:00,Tesouro Prefixado com Juros Semestrais 2037,PREFIXADO,2037-01-01,0.1412,0.1424,816.32,810.76,,
2026-09-28,2026-09-29T16:45:03-03:00,Tesouro Prefixado com Juros Semestrais 2029,PREFIXADO,2029-01-01,0.13720000000000002,0.1384,959.14,956.62,,
2026-09-28,2026-09-29T16:45:03-03:00,Tesouro Prefixado com Juros Semestrais 2027,PREFIXADO,2027-01-01,0.133,0.1342,1016.07,1015.28,,
2026-09-28,2026-09-29T16:45:03-03:00,Tesouro Renda+ Aposentadoria Extra 2069,IPCA,2069-12-15,0.0705,0.0717,538.38,519.82,,
2026-09-28,2026-09-29T16:45:03-03:00,Tesouro Renda+ Aposentadoria Extra 2064,IPCA,2064-12-15,0.07110000000000001,0.0723,744.43,722.81,,
2026-09-28,2026-09-29T16:45:03-03:00,Tesouro Renda+ Aposentadoria Extra 2054,IPCA,2054-12-15,0.0729,0.0741,1434.42,1408.45,,
2026-09-28,2026-09-29T16:45:03-03:00,Tesouro Renda+ Aposentadoria Extra 2074,IPCA,2074-12-15,0.0702,0.0714,387.61,372.17,,
2026-09-28,2026-09-29T16:45:03-03:00,Tesouro Renda+ Aposentadoria Extra 2084,IPCA,2084-12-15,0.0702,0.0714,197.47,187.5,,
2026-09-28,2026-09-29T16:45:03-03:00,Tesouro Renda+ Aposentadoria Extra 2079,IPCA,2079-12-15,0.0702,0.0714,276.65,264.15,,
2026-09-28,2026-09-29T16:45:03-03:00,Tesouro Renda+ Aposentadoria Extra 2059,IPCA,2059-12-15,0.0718,0.073,1032.95,1008.57,,
2026-09-28,2026-09-29T16:45:03-03:00,Tesouro Renda+ Aposentadoria Extra 2049,IPCA,2049-12-15,0.0741,0.0753,2010.27,1984.97,,
2026-09-28,2026-09-29T16:45:03-03:00,Tesouro Educa+ 2039,IPCA,2039-12-15,0.075,0.0762,2202.83,2175.95,,
2026-09-28,2026-09-29T16:45:03-03:00,Tesouro Educa+ 2041,IPCA,2041-12-15,0.07400000000000001,0.0752,1929.89,1902.09,,
2026-09-28,2026-09-29T16:45:03-03:00,Tesouro Educa+ 2034,IPCA,2034-12-15,0.0767,0.0779,3127.43,3106.45,,
2026-09-28,2026-09-29T16:45:03-03:00,Tesouro Educa+ 2044,IPCA,2044-12-15,0.073,0.0742,1581.97,1553.96,,
2026-09-28,2026-09-29T16:45:03-03:00,Tesouro Educa+ 2038,IPCA,2038-12-15,0.0755,0.0767,2356.14,2329.97,,
2026-09-28,2026-09-29T16:45:03-03:00,Tesouro Educa+ 2030,IPCA,2030-12-15,0.0743,0.0755,3479.89,3470.3,,
2026-09-28,2026-09-29T16:45:03-03:00,Tesouro Educa+ 2046,IPCA,2046-12-15,0.0727,0.0739,1381.97,1354.49,,
2026-09-28,2026-09-29T16:45:03-03:00,Tesouro Educa+ 2040,IPCA,2040-12-15,0.0745,0.0757,2060.93,2033.51,,
2026-09-28,2026-09-29T16:45:03-03:00,Tesouro Educa+ 2036,IPCA,2036-12-15,0.0763,0.0775,2707.17,2683.05,,
2026-09-28,2026-09-29T16:45:03-03:00,Tesouro Educa+ 2032,IPCA,2032-12-15,0.0763,0.0775,3627.82,3611.49,,
2026-09-28,2026-09-29T16:45:03-03:00,Tesouro Educa+ 2037,IPCA,2037-12-15,0.076,0.0772,2522.41,2497.16,,
2026-09-28,2026-09-29T16:45:03-03:00,Tesouro Educa+ 2031,IPCA,2031-12-15,0.0752,0.0764,3913.28,3899.96,,
2026-09-28,2026-09-29T16:45:03-03:00,Tesouro Educa+ 2045,IPCA,2045-12-15,0.0728,0.07400000000000001,1479.47,1451.67,,
2026-09-28,2026-09-29T16:45:03-03:00,Tesouro Educa+ 2033,IPCA,2033-12-15,0.0767,0.0779,3366.43,3347.56,,
2026-09-28,2026-09-29T16:45:03-03:00,Tesouro Educa+ 2042,IPCA,2042-12-15,0.0735,0.0747,1808.89,1780.83,,
2026-09-28,2026-09-29T16:45:03-03:00,Tesouro Educa+ 2043,IPCA,2043-12-15,0.0732,0.07440000000000001,1692.31,1664.21,,
2026-09-28,2026-09-29T16:45:03-03:00,Tesouro Educa+ 2047,IPCA,2047-12-15,0.0725,0.0737,1293.47,1266.34,,
2026-09-28,2026-09-29T16:45:03-03:00,Tesouro Educa+ 2048,IPCA,2048-12-15,0.0724,0.0736,1208.89,1182.22,,
2026-09-28,2026-09-29T16:45:03-03:00,Tesouro Educa+ 2035,IPCA,2035-12-15,0.0766,0.07780000000000001,2907.31,2884.61,,
2026-09-29,2026-09-30T16:46:36-03:00,Tesouro Selic 2029,SELIC,2029-03-01,0.0004,0.0005,19967.19,19952.17,,
2026-09-29,2026-09-30T16:46:36-03:00,Tesouro Selic 2031,SELIC,2031-03-01,0.0008,0.0009,19918.92,19899.97,,
2026-09-29,2026-09-30T16:46:36-03:00,Tesouro Selic 2027,SELIC,2027-03-01,0.0001,0.0002,19986.36,19975.33,,
2026-09-29,2026-09-30T16:46:36-03:00,Tesouro Selic 2028,SELIC,2028-03-01,0.0003,0.0004,19979.46,19966.42,,
2026-09-29,2026-09-30T16:46:36-03:00,Tesouro Prefixado 2028,PREFIXADO,2028-01-01,0.1358,0.13699999999999998,853.28,851.72,,
2026-09-29,2026-09-30T16:46:36-03:00,Tesouro Prefixado 2032,PREFIXADO,2032-01-01,0.1408,0.142,502.88,499.86,,
2026-09-29,2026-09-30T16:46:36-03:00,Tesouro Prefixado 2031,PREFIXADO,2031-01-01,0.1403,0.14150000000000001,574.74,571.9,,
2026-09-29,2026-09-30T16:46:36-03:00,Tesouro Prefixado 2029,PREFIXADO,2029-01-01,0.1387,0.1399,748.51,746.36,,
2026-09-29,2026-09-30T16:46:36-03:00,Tesouro Prefixado 2027,PREFIXADO,2027-01-01,0.1358,0.13699999999999998,968.66,967.91,,
2026-09-29,2026-09-30T16:46:36-03:00,Tesouro IPCA+ com Juros Semestrais 2032,IPCA,2032-08-15,0.0759,0.0771,4447.84,4421.06,,
2026-09-29,2026-09-30T16:46:36-03:00,Tesouro IPCA+ com Juros Semestrais 2037,IPCA,2037-05-15,0.0747,0.0759,4374.93,4335.58,,
2026-09-29,2026-09-30T16:46:36-03:00,Tesouro IPCA+ com Juros Semestrais 2050,IPCA,2050-08-15,0.0717,0.0729,4184.92,4126.42,,
2026-09-29,2026-09-30T16:46:36-03:00,Tesouro IPCA+ com Juros Semestrais 2040,IPCA,2040-08-15,0.073,0.0742,4277.09,4230.95,,
2026-09-29,2026-09-30T16:46:36-03:00,Tesouro IPCA+ com Juros Semestrais 2035,IPCA,2035-05-15,0.0753,0.0765,4423.4,4388.8,,
2026-09-29,2026-09-30T16:46:36-03:00,Tesouro IPCA+ com Juros Semestrais 2060,IPCA,2060-08-15,0.0707,0.0719,4166.02,4101.16,,
2026-09-29,2026-09-30T16:46:36-03:00,Tesouro IPCA+ com Juros Semestrais 2045,IPCA,2045-05-15,0.0721,0.0733,4300.72,4247.42,,
2026-09-29,2026-09-30T16:46:36-03:00,Tesouro IPCA+ com Juros Semestrais 2030,IPCA,2030-08-15,0.0759,0.0771,4548.55,4528.68,,
2026-09-29,2026-09-30T16:46:36-03:00,Tesouro IPCA+ com Juros Semestrais 2055,IPCA,2055-05-15,0.071,0.0722,4251.31,4189.04,,
2026-09-29,2026-09-30T16:46:36-03:00,Tesouro IPCA+ 2035,IPCA,2035-05-15,0.07540000000000001,0.0766,2546.66,2521.12,,
2026-09-29,2026-09-30T16:46:36-03:00,Tesouro IPCA+ 2032,IPCA,2032-08-15,0.0761,0.07730000000000001,3092.16,3070.46,,
2026-09-29,2026-09-30T16:46:36-03:00,Tesouro IPCA+ 2050,IPCA,2050-08-15,0.0703,0.07150000000000001,946.8,921.49,,
2026-09-29,2026-09-30T16:46:36-03:00,Tesouro IPCA+ 2040,IPCA,2040-08-15,0.0721,0.0733,1816.1,1787.36,,
2026-09-29,2026-09-30T16:46:36-03:00,Tesouro IPCA+ 2029,IPCA,2029-05-15,0.0746,0.0758,3937.55,3924.1,,
2026-09-29,2026-09-30T16:46:36-03:00,Tesouro IPCA+ 2045,IPCA,2045-05-15,0.0709,0.0721,1335.74,1307.67,,
2026-09-29,2026-09-30T16:46:36-03:00,Tesouro IGPM+ com Juros Semestrais 2031,IGP-M,2031-01-01,0.0787,0.0799,7812.9,7776.88,,
2026-09-29,2026-09-30T16:46:36-03:00,Tesouro Prefixado com Juros Semestrais 2037,PREFIXADO,2037-01-01,0.1402,0.1414,821.07,815.46,,
2026-09-29,2026-09-30T16:46:36-03:00,Tesouro Prefixado com Juros Semestrais 2031,PREFIXADO,2031-01-01,0.1406,0.1418,906.36,902.64,,
2026-09-29,2026-09-30T16:46:36-03:00,Tesouro Prefixado com Juros Semestrais 2029,PREFIXADO,2029-01-01,0.1366,0.1378,960.64,958.12,,
2026-09-29,2026-09-30T16:46:36-03:00,Tesouro Prefixado com Juros Semestrais 2027,PREFIXADO,2027-01-01,0.1326,0.1338,1016.66,1015.88,,
2026-09-29,2026-09-30T16:46:36-03:00,Tesouro Prefixado com Juros Semestrais 2033,PREFIXADO,2033-01-01,0.1409,0.1421,867.94,863.37,,
2026-09-29,2026-09-30T16:46:36-03:00,Tesouro Prefixado com Juros Semestrais 2035,PREFIXADO,2035-01-01,0.1405,0.1417,841.56,836.38,,
2026-09-29,2026-09-30T16:46:36-03:00,Tesouro Renda+ Aposentadoria Extra 2069,IPCA,2069-12-15,0.0688,0.07,565.76,546.2,,
2026-09-29,2026-09-30T16:46:36-03:00,Tesouro Renda+ Aposentadoria Extra 2054,IPCA,2054-12-15,0.0716,0.0728,1463.1,1436.54,,
2026-09-29,2026-09-30T16:46:36-03:00,Tesouro Renda+ Aposentadoria Extra 2084,IPCA,2084-12-15,0.0683,0.0695,214.33,203.47,,
2026-09-29,2026-09-30T16:46:36-03:00,Tesouro Renda+ Aposentadoria Extra 2079,IPCA,2079-12-15,0.0683,0.0695,297.62,284.14,,
2026-09-29,2026-09-30T16:46:36-03:00,Tesouro Renda+ Aposentadoria Extra 2074,IPCA,2074-12-15,0.0684,0.0696,411.95,395.49,,
2026-09-29,2026-09-30T16:46:36-03:00,Tesouro Renda+ Aposentadoria Extra 2049,IPCA,2049-12-15,0.0729,0.0741,2035.98,2010.27,,
2026-09-29,2026-09-30T16:46:36-03:00,Tesouro Renda+ Aposentadoria Extra 2064,IPCA,2064-12-15,0.0695,0.0707,774.22,751.67,,
2026-09-29,2026-09-30T16:46:36-03:00,Tesouro Renda+ Aposentadoria Extra 2059,IPCA,2059-12-15,0.0703,0.07150000000000001,1064.19,1039.01,,
2026-09-29,2026-09-30T16:46:36-03:00,Tesouro Educa+ 2047,IPCA,2047-12-15,0.0709,0.0721,1330.36,1302.43,,
2026-09-29,2026-09-30T16:46:36-03:00,Tesouro Educa+ 2042,IPCA,2042-12-15,0.0724,0.0736,1835.08,1806.61,,
2026-09-29,2026-09-30T16:46:36-03:00,Tesouro Educa+ 2039,IPCA,2039-12-15,0.0742,0.07540000000000001,2221.34,2194.22,,
2026-09-29,2026-09-30T16:46:36-03:00,Tesouro Educa+ 2035,IPCA,2035-12-15,0.0757,0.07690000000000001,2924.84,2902.0,,
2026-09-29,2026-09-30T16:46:36-03:00,Tesouro Educa+ 2041,IPCA,2041-12-15,0.073,0.0742,1953.55,1925.4,,
2026-09-29,2026-09-30T16:46:36-03:00,Tesouro Educa+ 2044,IPCA,2044-12-15,0.0716,0.0728,1615.16,1586.54,,
2026-09-29,2026-09-30T16:46:36-03:00,Tesouro Educa+ 2048,IPCA,2048-12-15,0.0708,0.07200000000000001,1245.22,1217.71,,
2026-09-29,2026-09-30T16:46:36-03:00,Tesouro Educa+ 2043,IPCA,2043-12-15,0.07200000000000001,0.0732,1720.91,1692.31,,
2026-09-29,2026-09-30T16:46:36-03:00,Tesouro Educa+ 2034,IPCA,2034-12-15,0.0759,0.0771,3142.04,3120.97,,
2026-09-29,2026-09-30T16:46:36-03:00,Tesouro Educa+ 2038,IPCA,2038-12-15,0.0747,0.0759,2374.17,2347.8,,
2026-09-29,2026-09-30T16:46:36-03:00,Tesouro Educa+ 2046,IPCA,2046-12-15,0.07110000000000001,0.0723,1419.28,1391.02,,
2026-09-29,2026-09-30T16:46:36-03:00,Tesouro Educa+ 2040,IPCA,2040-12-15,0.0736,0.0748,2082.02,2054.31,,
2026-09-29,2026-09-30T16:46:36-03:00,Tesouro Educa+ 2030,IPCA,2030-12-15,0.0736,0.0748,3486.25,3476.66,,
2026-09-29,2026-09-30T16:46:36-03:00,Tesouro Educa+ 2036,IPCA,2036-12-15,0.0755,0.0767,2723.86,2699.59,,
2026-09-29,2026-09-30T16:46:36-03:00,Tesouro Educa+ 2037,IPCA,2037-12-15,0.0752,0.0764,2539.83,2514.4,,
2026-09-29,2026-09-30T16:46:36-03:00,Tesouro Educa+ 2031,IPCA,2031-12-15,0.07440000000000001,0.0756,3922.85,3909.53,,
2026-09-29,2026-09-30T16:46:36-03:00,Tesouro Educa+ 2045,IPCA,2045-12-15,0.0713,0.0725,1514.82,1486.32,,
2026-09-29,2026-09-30T16:46:36-03:00,Tesouro Educa+ 2032,IPCA,2032-12-15,0.0755,0.0767,3639.39,3623.01,,
2026-09-29,2026-09-30T16:46:36-03:00,Tesouro Educa+ 2033,IPCA,2033-12-15,0.0758,0.077,3381.09,3362.15,,
2026-09-30,2026-10-01T17:03:55-03:00,Tesouro Selic 2028,SELIC,2028-03-01,0.0003,0.0004,19988.07,19975.02,,
2026-09-30,2026-10-01T17:03:55-03:00,Tesouro Selic 2031,SELIC,2031-03-01,0.0008,0.0009,19924.06,19905.1,,
2026-09-30,2026-10-01T17:03:55-03:00,Tesouro Selic 2027,SELIC,2027-03-01,0.0001,0.0002,19996.21,19985.17,,
2026-09-30,2026-10-01T17:03:55-03:00,Tesouro Selic 2029,SELIC,2029-03-01,0.0004,0.0005,19975.93,19960.93,,
2026-09-30,2026-10-01T17:03:55-03:00,Tesouro Prefixado 2031,PREFIXADO,2031-01-01,0.13970000000000002,0.1409,576.32,573.47,,
2026-09-30,2026-10-01T17:03:55-03:00,Tesouro Prefixado 2028,PREFIXADO,2028-01-01,0.135,0.1362,854.45,852.9,,
2026-09-30,2026-10-01T17:03:55-03:00,Tesouro Prefixado 2029,PREFIXADO,2029-01-01,0.1376,0.1388,750.51,748.36,,
2026-09-30,2026-10-01T17:03:55-03:00,Tesouro Prefixado 2027,PREFIXADO,2027-01-01,0.1358,0.13699999999999998,969.15,968.41,,
2026-09-30,2026-10-01T17:03:55-03:00,Tesouro Prefixado 2032,PREFIXADO,2032-01-01,0.1402,0.1414,504.52,501.5,,
2026-09-30,2026-10-01T17:03:55-03:00,Tesouro IPCA+ com Juros Semestrais 2050,IPCA,2050-08-15,0.0707,0.0719,4234.97,4175.44,,
2026-09-30,2026-10-01T17:03:55-03:00,Tesouro IPCA+ com Juros Semestrais 2040,IPCA,2040-08-15,0.0723,0.0735,4305.22,4258.71,,
2026-09-30,2026-10-01T17:03:55-03:00,Tesouro IPCA+ com Juros Semestrais 2030,IPCA,2030-08-15,0.0752,0.0764,4561.18,4541.27,,
2026-09-30,2026-10-01T17:03:55-03:00,Tesouro IPCA+ com Juros Semestrais 2055,IPCA,2055-05-15,0.0701,0.0713,4299.53,4236.15,,
2026-09-30,2026-10-01T17:03:55-03:00,Tesouro IPCA+ com Juros Semestrais 2037,IPCA,2037-05-15,0.0739,0.0751,4402.17,4362.53,,
2026-09-30,2026-10-01T17:03:55-03:00,Tesouro IPCA+ com Juros Semestrais 2032,IPCA,2032-08-15,0.0751,0.0763,4466.57,4439.68,,
2026-09-30,2026-10-01T17:03:55-03:00,Tesouro IPCA+ com Juros Semestrais 2035,IPCA,2035-05-15,0.0743,0.0755,4452.86,4418.0,,
2026-09-30,2026-10-01T17:03:55-03:00,Tesouro IPCA+ com Juros Semestrais 2045,IPCA,2045-05-15,0.0709,0.0721,4354.96,4300.72,,
2026-09-30,2026-10-01T17:03:55-03:00,Tesouro IPCA+ com Juros Semestrais 2060,IPCA,2060-08-15,0.0699,0.07110000000000001,4210.9,4144.92,,
2026-09-30,2026-10-01T17:03:55-03:00,Tesouro IPCA+ 2045,IPCA,2045-05-15,0.0695,0.0707,1369.16,1340.36,,
2026-09-30,2026-10-01T17:03:55-03:00,Tesouro IPCA+ 2050,IPCA,2050-08-15,0.0693,0.0705,968.52,942.61,,
2026-09-30,2026-10-01T17:03:55-03:00,Tesouro IPCA+ 2029,IPCA,2029-05-15,0.0737,0.07490000000000001,3948.17,3934.7,,
2026-09-30,2026-10-01T17:03:55-03:00,Tesouro IPCA+ 2035,IPCA,2035-05-15,0.0743,0.0755,2570.41,2544.63,,
2026-09-30,2026-10-01T17:03:55-03:00,Tesouro IPCA+ 2040,IPCA,2040-08-15,0.07150000000000001,0.0727,1831.12,1802.14,,
2026-09-30,2026-10-01T17:03:55-03:00,Tesouro IPCA+ 2032,IPCA,2032-08-15,0.0753,0.0765,3107.25,3085.45,,
2026-09-30,2026-10-01T17:03:55-03:00,Tesouro IGPM+ com Juros Semestrais 2031,IGP-M,2031-01-01,0.0785,0.0797,7824.26,7788.21,,
2026-09-30,2026-10-01T17:03:55-03:00,Tesouro Prefixado com Juros Semestrais 2035,PREFIXADO,2035-01-01,0.1402,0.1414,843.19,838.0,,
2026-09-30,2026-10-01T17:03:55-03:00,Tesouro Prefixado com Juros Semestrais 2031,PREFIXADO,2031-01-01,0.14,0.1412,908.46,904.74,,
2026-09-30,2026-10-01T17:03:55-03:00,Tesouro Prefixado com Juros Semestrais 2033,PREFIXADO,2033-01-01,0.1404,0.1416,870.12,865.54,,
2026-09-30,2026-10-01T17:03:55-03:00,Tesouro Prefixado com Juros Semestrais 2037,PREFIXADO,2037-01-01,0.1399,0.1411,822.8,817.18,,
2026-09-30,2026-10-01T17:03:55-03:00,Tesouro Prefixado com Juros Semestrais 2029,PREFIXADO,2029-01-01,0.1354,0.1366,963.16,960.64,,
2026-09-30,2026-10-01T17:03:55-03:00,Tesouro Prefixado com Juros Semestrais 2027,PREFIXADO,2027-01-01,0.13240000000000002,0.1336,1017.21,1016.43,,
2026-09-30,2026-10-01T17:03:55-03:00,Tesouro Renda+ Aposentadoria Extra 2069,IPCA,2069-12-15,0.06820000000000001,0.0694,575.95,556.03,,
2026-09-30,2026-10-01T17:03:55-03:00,Tesouro Renda+ Aposentadoria Extra 2064,IPCA,2064-12-15,0.06860000000000001,0.0698,791.7,768.61,,
2026-09-30,2026-10-01T17:03:55-03:00,Tesouro Renda+ Aposentadoria Extra 2054,IPCA,2054-12-15,0.0706,0.0718,1485.8,1458.76,,
2026-09-30,2026-10-01T17:03:55-03:00,Tesouro Renda+ Aposentadoria Extra 2074,IPCA,2074-12-15,0.0678,0.069,420.55,403.73,,
2026-09-30,2026-10-01T17:03:55-03:00,Tesouro Renda+ Aposentadoria Extra 2084,IPCA,2084-12-15,0.0678,0.069,219.08,207.99,,
2026-09-30,2026-10-01T17:03:55-03:00,Tesouro Renda+ Aposentadoria Extra 2079,IPCA,2079-12-15,0.0678,0.069,303.52,289.76,,
2026-09-30,2026-10-01T17:03:55-03:00,Tesouro Renda+ Aposentadoria Extra 2059,IPCA,2059-12-15,0.0693,0.0705,1085.78,1060.04,,
2026-09-30,2026-10-01T17:03:55-03:00,Tesouro Renda+ Aposentadoria Extra 2049,IPCA,2049-12-15,0.0719,0.0731,2057.9,2031.84,,
2026-09-30,2026-10-01T17:03:55-03:00,Tesouro Educa+ 2039,IPCA,2039-12-15,0.0733,0.0745,2242.19,2214.81,,
2026-09-30,2026-10-01T17:03:55-03:00,Tesouro Educa+ 2041,IPCA,2041-12-15,0.0722,0.0734,1972.9,1944.46,,
2026-09-30,2026-10-01T17:03:55-03:00,Tesouro Educa+ 2034,IPCA,2034-12-15,0.0751,0.0763,3156.72,3135.56,,
2026-09-30,2026-10-01T17:03:55-03:00,Tesouro Educa+ 2044,IPCA,2044-12-15,0.0706,0.0718,1639.56,1610.49,,
2026-09-30,2026-10-01T17:03:55-03:00,Tesouro Educa+ 2038,IPCA,2038-12-15,0.0738,0.075,2394.47,2367.86,,
2026-09-30,2026-10-01T17:03:55-03:00,Tesouro Educa+ 2030,IPCA,2030-12-15,0.0731,0.0743,3491.31,3481.71,,
2026-09-30,2026-10-01T17:03:55-03:00,Tesouro Educa+ 2046,IPCA,2046-12-15,0.0699,0.07110000000000001,1448.13,1419.28,,
2026-09-30,2026-10-01T17:03:55-03:00,Tesouro Educa+ 2040,IPCA,2040-12-15,0.0728,0.07400000000000001,2101.08,2073.1,,
2026-09-30,2026-10-01T17:03:55-03:00,Tesouro Educa+ 2036,IPCA,2036-12-15,0.0746,0.0758,2742.57,2718.13,,
2026-09-30,2026-10-01T17:03:55-03:00,Tesouro Educa+ 2032,IPCA,2032-12-15,0.0748,0.076,3649.78,3633.36,,
2026-09-30,2026-10-01T17:03:55-03:00,Tesouro Educa+ 2037,IPCA,2037-12-15,0.0742,0.07540000000000001,2561.45,2535.8,,
2026-09-30,2026-10-01T17:03:55-03:00,Tesouro Educa+ 2031,IPCA,2031-12-15,0.0738,0.075,3930.55,3917.22,,
2026-09-30,2026-10-01T17:03:55-03:00,Tesouro Educa+ 2045,IPCA,2045-12-15,0.0702,0.0714,1541.52,1512.49,,
2026-09-30,2026-10-01T17:03:55-03:00,Tesouro Educa+ 2033,IPCA,2033-12-15,0.0751,0.0763,3392.93,3373.93,,
2026-09-30,2026-10-01T17:03:55-03:00,Tesouro Educa+ 2042,IPCA,2042-12-15,0.0716,0.0728,1854.64,1825.85,,
2026-09-30,2026-10-01T17:03:55-03:00,Tesouro Educa+ 2043,IPCA,2043-12-15,0.07110000000000001,0.0723,1742.91,1713.93,,
2026-09-30,2026-10-01T17:03:55-03:00,Tesouro Educa+ 2047,IPCA,2047-12-15,0.0696,0.0708,1361.28,1332.67,,
2026-09-30,2026-10-01T17:03:55-03:00,Tesouro Educa+ 2048,IPCA,2048-12-15,0.0695,0.0707,1275.69,1247.49,,
2026-09-30,2026-10-01T17:03:55-03:00,Tesouro Educa+ 2035,IPCA,2035-12-15,0.0748,0.076,2942.48,2919.5,,
2026-10-01,2026-10-02T16:43:14-03:00,Tesouro Selic 2029,SELIC,2029-03-01,0.0005,0.0006,19985.64,19970.63,,
2026-10-01,2026-10-02T16:43:14-03:00,Tesouro Selic 2027,SELIC,2027-03-01,0.0001,0.0002,20006.13,19995.1,,
2026-10-01,2026-10-02T16:43:14-03:00,Tesouro Selic 2031,SELIC,2031-03-01,0.0008,0.0009,19933.64,19914.67,,
2026-10-01,2026-10-02T16:43:14-03:00,Tesouro Selic 2028,SELIC,2028-03-01,0.0003,0.0004,19997.94,19984.88,,
2026-10-01,2026-10-02T16:43:14-03:00,Tesouro Prefixado 2027,PREFIXADO,2027-01-01,0.1333,0.1345,970.16,969.42,,
2026-10-01,2026-10-02T16:43:14-03:00,Tesouro Prefixado 2031,PREFIXADO,2031-01-01,0.14070000000000002,0.1419,574.5,571.66,,
2026-10-01,2026-10-02T16:43:14-03:00,Tesouro Prefixado 2032,PREFIXADO,2032-01-01,0.1412,0.1424,502.48,499.48,,
2026-10-01,2026-10-02T16:43:14-03:00,Tesouro Prefixado 2028,PREFIXADO,2028-01-01,0.1355,0.13670000000000002,854.42,852.87,,
2026-10-01,2026-10-02T16:43:14-03:00,Tesouro Prefixado 2029,PREFIXADO,2029-01-01,0.1386,0.1398,749.42,747.28,,
2026-10-01,2026-10-02T16:43:14-03:00,Tesouro IPCA+ com Juros Semestrais 2050,IPCA,2050-08-15,0.0719,0.0731,4179.74,4121.42,,
2026-10-01,2026-10-02T16:43:14-03:00,Tesouro IPCA+ com Juros Semestrais 2040,IPCA,2040-08-15,0.0734,0.0746,4266.82,4220.88,,
2026-10-01,2026-10-02T16:43:14-03:00,Tesouro IPCA+ com Juros Semestrais 2030,IPCA,2030-08-15,0.0759,0.0771,4553.37,4533.52,,
2026-10-01,2026-10-02T16:43:14-03:00,Tesouro IPCA+ com Juros Semestrais 2060,IPCA,2060-08-15,0.071,0.0722,4154.42,4089.94,,
2026-10-01,2026-10-02T16:43:14-03:00,Tesouro IPCA+ com Juros Semestrais 2032,IPCA,2032-08-15,0.076,0.0772,4450.51,4423.76,,
2026-10-01,2026-10-02T16:43:14-03:00,Tesouro IPCA+ com Juros Semestrais 2055,IPCA,2055-05-15,0.07110000000000001,0.0723,4250.6,4188.42,,
2026-10-01,2026-10-02T16:43:14-03:00,Tesouro IPCA+ com Juros Semestrais 2035,IPCA,2035-05-15,0.0755,0.0767,4422.66,4388.12,,
2026-10-01,2026-10-02T16:43:14-03:00,Tesouro IPCA+ com Juros Semestrais 2045,IPCA,2045-05-15,0.07200000000000001,0.0732,4309.46,4256.07,,
2026-10-01,2026-10-02T16:43:14-03:00,Tesouro IPCA+ com Juros Semestrais 2037,IPCA,2037-05-15,0.0753,0.0765,4360.94,4321.8,,
2026-10-01,2026-10-02T16:43:14-03:00,Tesouro IPCA+ 2050,IPCA,2050-08-15,0.0706,0.0718,941.48,916.33,,
2026-10-01,2026-10-02T16:43:14-03:00,Tesouro IPCA+ 2040,IPCA,2040-08-15,0.0726,0.0738,1806.32,1777.77,,
2026-10-01,2026-10-02T16:43:14-03:00,Tesouro IPCA+ 2035,IPCA,2035-05-15,0.0756,0.0768,2545.29,2519.8,,
2026-10-01,2026-10-02T16:43:14-03:00,Tesouro IPCA+ 2029,IPCA,2029-05-15,0.0743,0.0755,3944.53,3931.09,,
2026-10-01,2026-10-02T16:43:14-03:00,Tesouro IPCA+ 2032,IPCA,2032-08-15,0.0762,0.07740000000000001,3093.76,3072.08,,
2026-10-01,2026-10-02T16:43:14-03:00,Tesouro IPCA+ 2045,IPCA,2045-05-15,0.0705,0.0717,1346.37,1318.08,,
2026-10-01,2026-10-02T16:43:14-03:00,Tesouro IGPM+ com Juros Semestrais 2031,IGP-M,2031-01-01,0.0785,0.0797,7829.99,7794.63,,
2026-10-01,2026-10-02T16:43:14-03:00,Tesouro Prefixado com Juros Semestrais 2031,PREFIXADO,2031-01-01,0.141,0.14220000000000002,906.23,902.52,,
2026-10-01,2026-10-02T16:43:14-03:00,Tesouro Prefixado com Juros Semestrais 2027,PREFIXADO,2027-01-01,0.1328,0.134,1017.62,1016.85,,
2026-10-01,2026-10-02T16:43:14-03:00,Tesouro Prefixado com Juros Semestrais 2033,PREFIXADO,2033-01-01,0.1413,0.14250000000000002,867.48,862.92,,
2026-10-01,2026-10-02T16:43:14-03:00,Tesouro Prefixado com Juros Semestrais 2029,PREFIXADO,2029-01-01,0.1365,0.1377,961.78,959.27,,
2026-10-01,2026-10-02T16:43:14-03:00,Tesouro Prefixado com Juros Semestrais 2035,PREFIXADO,2035-01-01,0.1412,0.1424,839.67,834.52,,
2026-10-01,2026-10-02T16:43:14-03:00,Tesouro Prefixado com Juros Semestrais 2037,PREFIXADO,2037-01-01,0.1409,0.1421,818.9,813.32,,
2026-10-01,2026-10-02T16:43:14-03:00,Tesouro Renda+ Aposentadoria Extra 2074,IPCA,2074-12-15,0.0688,0.07,406.86,390.62,,
2026-10-01,2026-10-02T16:43:14-03:00,Tesouro Renda+ Aposentadoria Extra 2084,IPCA,2084-12-15,0.0688,0.07,209.99,199.37,,
2026-10-01,2026-10-02T16:43:14-03:00,Tesouro Renda+ Aposentadoria Extra 2054,IPCA,2054-12-15,0.0717,0.0729,1462.44,1435.9,,
2026-10-01,2026-10-02T16:43:14-03:00,Tesouro Renda+ Aposentadoria Extra 2069,IPCA,2069-12-15,0.0692,0.0704,559.82,540.48,,
2026-10-01,2026-10-02T16:43:14-03:00,Tesouro Renda+ Aposentadoria Extra 2049,IPCA,2049-12-15,0.073,0.0742,2036.02,2010.34,,
2026-10-01,2026-10-02T16:43:14-03:00,Tesouro Renda+ Aposentadoria Extra 2064,IPCA,2064-12-15,0.0696,0.0708,773.13,750.62,,
2026-10-01,2026-10-02T16:43:14-03:00,Tesouro Renda+ Aposentadoria Extra 2079,IPCA,2079-12-15,0.0688,0.07,292.28,279.05,,
2026-10-01,2026-10-02T16:43:14-03:00,Tesouro Renda+ Aposentadoria Extra 2059,IPCA,2059-12-15,0.0704,0.0716,1063.19,1038.05,,
2026-10-01,2026-10-02T16:43:14-03:00,Tesouro Educa+ 2038,IPCA,2038-12-15,0.0752,0.0764,2366.16,2339.9,,
2026-10-01,2026-10-02T16:43:14-03:00,Tesouro Educa+ 2033,IPCA,2033-12-15,0.0759,0.0771,3383.24,3364.32,,
2026-10-01,2026-10-02T16:43:14-03:00,Tesouro Educa+ 2045,IPCA,2045-12-15,0.0713,0.0725,1516.37,1487.86,,
2026-10-01,2026-10-02T16:43:14-03:00,Tesouro Educa+ 2041,IPCA,2041-12-15,0.0735,0.0747,1944.22,1916.22,,
2026-10-01,2026-10-02T16:43:14-03:00,Tesouro Educa+ 2030,IPCA,2030-12-15,0.0736,0.0748,3489.89,3480.31,,
2026-10-01,2026-10-02T16:43:14-03:00,Tesouro Educa+ 2036,IPCA,2036-12-15,0.0758,0.077,2721.01,2696.79,,
2026-10-01,2026-10-02T16:43:14-03:00,Tesouro Educa+ 2037,IPCA,2037-12-15,0.0756,0.0768,2534.45,2509.11,,
2026-10-01,2026-10-02T16:43:14-03:00,Tesouro Educa+ 2031,IPCA,2031-12-15,0.07440000000000001,0.0756,3926.97,3913.66,,
2026-10-01,2026-10-02T16:43:14-03:00,Tesouro Educa+ 2043,IPCA,2043-12-15,0.0722,0.0734,1718.02,1689.5,,
2026-10-01,2026-10-02T16:43:14-03:00,Tesouro Educa+ 2047,IPCA,2047-12-15,0.0707,0.0719,1336.33,1308.27,,
2026-10-01,2026-10-02T16:43:14-03:00,Tesouro Educa+ 2034,IPCA,2034-12-15,0.0761,0.07730000000000001,3142.13,3121.09,,
2026-10-01,2026-10-02T16:43:14-03:00,Tesouro Educa+ 2042,IPCA,2042-12-15,0.0728,0.07400000000000001,1827.75,1799.41,,
2026-10-01,2026-10-02T16:43:14-03:00,Tesouro Educa+ 2039,IPCA,2039-12-15,0.0747,0.0759,2212.8,2185.82,,
2026-10-01,2026-10-02T16:43:14-03:00,Tesouro Educa+ 2044,IPCA,2044-12-15,0.0717,0.0729,1614.48,1585.9,,
2026-10-01,2026-10-02T16:43:14-03:00,Tesouro Educa+ 2035,IPCA,2035-12-15,0.076,0.0772,2922.59,2899.8,,
2026-10-01,2026-10-02T16:43:14-03:00,Tesouro Educa+ 2032,IPCA,2032-12-15,0.0755,0.0767,3643.24,3626.87,,
2026-10-01,2026-10-02T16:43:14-03:00,Tesouro Educa+ 2048,IPCA,2048-12-15,0.0706,0.0718,1251.04,1223.41,,
2026-10-01,2026-10-02T16:43:14-03:00,Tesouro Educa+ 2040,IPCA,2040-12-15,0.0741,0.0753,2073.04,2045.48,,
2026-10-01,2026-10-02T16:43:14-03:00,Tesouro Educa+ 2046,IPCA,2046-12-15,0.0709,0.0721,1425.38,1397.01,,
2026-10-02,2026-10-04T15:30:13-03:00,Tesouro Selic 2031,SELIC,2031-03-01,0.0009,0.001,19943.12,19924.17,,
2026-10-02,2026-10-04T15:30:13-03:00,Tesouro Selic 2029,SELIC,2029-03-01,0.0005,0.0006,19995.31,19980.29,,
2026-10-02,2026-10-04T15:30:13-03:00,Tesouro Selic 2028,SELIC,2028-03-01,0.0003,0.0004,20008.1,19995.05,,
2026-10-02,2026-10-04T15:30:13-03:00,Tesouro Selic 2027,SELIC,2027-03-01,0.0001,0.0002,20016.65,20005.62,,
2026-10-02,2026-10-04T15:30:13-03:00,Tesouro Prefixado 2027,PREFIXADO,2027-01-01,0.13369999999999999,0.1349,970.56,969.83,,
2026-10-02,2026-10-04T15:30:13-03:00,Tesouro Prefixado 2028,PREFIXADO,2028-01-01,0.1348,0.136,855.5,853.95,,
2026-10-02,2026-10-04T15:30:13-03:00,Tesouro Prefixado 2032,PREFIXADO,2032-01-01,0.14150000000000001,0.1427,502.06,499.06,,
2026-10-02,2026-10-04T15:30:13-03:00,Tesouro Prefixado 2029,PREFIXADO,2029-01-01,0.1383,0.13949999999999999,750.25,748.11,,
2026-10-02,2026-10-04T15:30:13-03:00,Tesouro Prefixado 2031,PREFIXADO,2031-01-01,0.14070000000000002,0.1419,574.8,571.96,,
2026-10-02,2026-10-04T15:30:13-03:00,Tesouro IPCA+ com Juros Semestrais 2030,IPCA,2030-08-15,0.0759,0.0771,4557.96,4535.94,,
2026-10-02,2026-10-04T15:30:13-03:00,Tesouro IPCA+ com Juros Semestrais 2040,IPCA,2040-08-15,0.0731,0.0743,4282.11,4233.97,,
2026-10-02,2026-10-04T15:30:13-03:00,Tesouro IPCA+ com Juros Semestrais 2050,IPCA,2050-08-15,0.0718,0.073,4188.63,4128.2,,
2026-10-02,2026-10-04T15:30:13-03:00,Tesouro IPCA+ com Juros Semestrais 2045,IPCA,2045-05-15,0.0718,0.073,4322.37,4266.74,,
2026-10-02,2026-10-04T15:30:13-03:00,Tesouro IPCA+ com Juros Semestrais 2035,IPCA,2035-05-15,0.07540000000000001,0.0766,4429.81,4393.13,,
2026-10-02,2026-10-04T15:30:13-03:00,Tesouro IPCA+ com Juros Semestrais 2060,IPCA,2060-08-15,0.0708,0.07200000000000001,4169.1,4102.33,,
2026-10-02,2026-10-04T15:30:13-03:00,Tesouro IPCA+ com Juros Semestrais 2055,IPCA,2055-05-15,0.0709,0.0721,4264.96,4200.48,,
2026-10-02,2026-10-04T15:30:13-03:00,Tesouro IPCA+ com Juros Semestrais 2032,IPCA,2032-08-15,0.0758,0.077,4459.08,4430.17,,
2026-10-02,2026-10-04T15:30:13-03:00,Tesouro IPCA+ com Juros Semestrais 2037,IPCA,2037-05-15,0.0752,0.0764,4368.42,4327.16,,
2026-10-02,2026-10-04T15:30:13-03:00,Tesouro IPCA+ 2032,IPCA,2032-08-15,0.076,0.0772,3100.24,3077.06,,
2026-10-02,2026-10-04T15:30:13-03:00,Tesouro IPCA+ 2050,IPCA,2050-08-15,0.0706,0.0718,942.41,916.8,,
2026-10-02,2026-10-04T15:30:13-03:00,Tesouro IPCA+ 2029,IPCA,2029-05-15,0.0739,0.0751,3952.28,3936.95,,
2026-10-02,2026-10-04T15:30:13-03:00,Tesouro IPCA+ 2040,IPCA,2040-08-15,0.0722,0.0734,1817.44,1787.85,,
2026-10-02,2026-10-04T15:30:13-03:00,Tesouro IPCA+ 2035,IPCA,2035-05-15,0.0755,0.0767,2549.88,2523.14,,
2026-10-02,2026-10-04T15:30:13-03:00,Tesouro IPCA+ 2045,IPCA,2045-05-15,0.0703,0.07150000000000001,1352.37,1323.32,,
2026-10-02,2026-10-04T15:30:13-03:00,Tesouro IGPM+ com Juros Semestrais 2031,IGP-M,2031-01-01,0.0787,0.0799,7837.56,7795.46,,
2026-10-02,2026-10-04T15:30:13-03:00,Tesouro Prefixado com Juros Semestrais 2029,PREFIXADO,2029-01-01,0.1362,0.1374,962.78,960.27,,
2026-10-02,2026-10-04T15:30:13-03:00,Tesouro Prefixado com Juros Semestrais 2035,PREFIXADO,2035-01-01,0.1419,0.1431,837.36,832.23,,
2026-10-02,2026-10-04T15:30:13-03:00,Tesouro Prefixado com Juros Semestrais 2027,PREFIXADO,2027-01-01,0.1329,0.1341,1018.1,1017.34,,
2026-10-02,2026-10-04T15:30:13-03:00,Tesouro Prefixado com Juros Semestrais 2033,PREFIXADO,2033-01-01,0.1419,0.1431,865.88,861.33,,
2026-10-02,2026-10-04T15:30:13-03:00,Tesouro Prefixado com Juros Semestrais 2031,PREFIXADO,2031-01-01,0.1411,0.1423,906.43,902.73,,
2026-10-02,2026-10-04T15:30:13-03:00,Tesouro Prefixado com Juros Semestrais 2037,PREFIXADO,2037-01-01,0.1417,0.1429,815.89,810.35,,
2026-10-02,2026-10-04T15:30:13-03:00,Tesouro Renda+ Aposentadoria Extra 2074,IPCA,2074-12-15,0.06860000000000001,0.0698,410.0,393.44,,
2026-10-02,2026-10-04T15:30:13-03:00,Tesouro Renda+ Aposentadoria Extra 2084,IPCA,2084-12-15,0.06860000000000001,0.0698,212.0,201.18,,
2026-10-02,2026-10-04T15:30:13-03:00,Tesouro Renda+ Aposentadoria Extra 2059,IPCA,2059-12-15,0.0702,0.0714,1068.41,1042.64,,
2026-10-02,2026-10-04T15:30:13-03:00,Tesouro Renda+ Aposentadoria Extra 2054,IPCA,2054-12-15,0.0716,0.0728,1466.06,1438.77,,
2026-10-02,2026-10-04T15:30:13-03:00,Tesouro Renda+ Aposentadoria Extra 2064,IPCA,2064-12-15,0.0695,0.0707,775.76,752.82,,
2026-10-02,2026-10-04T15:30:13-03:00,Tesouro Renda+ Aposentadoria Extra 2049,IPCA,2049-12-15,0.0729,0.0741,2040.13,2013.42,,
2026-10-02,2026-10-04T15:30:13-03:00,Tesouro Renda+ Aposentadoria Extra 2079,IPCA,2079-12-15,0.06860000000000001,0.0698,294.81,281.33,,
2026-10-02,2026-10-04T15:30:13-03:00,Tesouro Renda+ Aposentadoria Extra 2069,IPCA,2069-12-15,0.069,0.0702,563.62,543.89,,
2026-10-02,2026-10-04T15:30:13-03:00,Tesouro Educa+ 2030,IPCA,2030-12-15,0.0734,0.0746,3494.67,3483.43,,
2026-10-02,2026-10-04T15:30:13-03:00,Tesouro Educa+ 2036,IPCA,2036-12-15,0.0757,0.07690000000000001,2725.66,2700.12,,
2026-10-02,2026-10-04T15:30:13-03:00,Tesouro Educa+ 2037,IPCA,2037-12-15,0.0755,0.0767,2539.01,2512.43,,
2026-10-02,2026-10-04T15:30:13-03:00,Tesouro Educa+ 2031,IPCA,2031-12-15,0.0742,0.07540000000000001,3932.78,3917.6,,
2026-10-02,2026-10-04T15:30:13-03:00,Tesouro Educa+ 2042,IPCA,2042-12-15,0.0725,0.0737,1836.49,1807.16,,
2026-10-02,2026-10-04T15:30:13-03:00,Tesouro Educa+ 2039,IPCA,2039-12-15,0.0745,0.0757,2219.36,2191.25,,
2026-10-02,2026-10-04T15:30:13-03:00,Tesouro Educa+ 2035,IPCA,2035-12-15,0.0758,0.077,2929.1,2904.88,,
2026-10-02,2026-10-04T15:30:13-03:00,Tesouro Educa+ 2032,IPCA,2032-12-15,0.0753,0.0765,3649.32,3631.21,,
2026-10-02,2026-10-04T15:30:13-03:00,Tesouro Educa+ 2033,IPCA,2033-12-15,0.0757,0.07690000000000001,3389.52,3368.96,,
2026-10-02,2026-10-04T15:30:13-03:00,Tesouro Educa+ 2045,IPCA,2045-12-15,0.071,0.0722,1524.91,1495.51,,
2026-10-02,2026-10-04T15:30:13-03:00,Tesouro Educa+ 2040,IPCA,2040-12-15,0.0739,0.0751,2079.57,2050.95,,
2026-10-02,2026-10-04T15:30:13-03:00,Tesouro Educa+ 2046,IPCA,2046-12-15,0.0707,0.0719,1431.46,1402.3,,
2026-10-02,2026-10-04T15:30:13-03:00,Tesouro Educa+ 2044,IPCA,2044-12-15,0.0714,0.0726,1623.11,1593.61,,
2026-10-02,2026-10-04T15:30:13-03:00,Tesouro Educa+ 2034,IPCA,2034-12-15,0.0759,0.0771,3148.54,3125.98,,
2026-10-02,2026-10-04T15:30:13-03:00,Tesouro Educa+ 2047,IPCA,2047-12-15,0.0706,0.0718,1339.97,1311.21,,
2026-10-02,2026-10-04T15:30:13-03:00,Tesouro Educa+ 2041,IPCA,2041-12-15,0.0732,0.07440000000000001,1952.97,1923.94,,
2026-10-02,2026-10-04T15:30:13-03:00,Tesouro Educa+ 2048,IPCA,2048-12-15,0.0705,0.0717,1254.55,1226.26,,
2026-10-02,2026-10-04T15:30:13-03:00,Tesouro Educa+ 2043,IPCA,2043-12-15,0.0719,0.0731,1726.73,1697.24,,
2026-10-02,2026-10-04T15:30:13-03:00,Tesouro Educa+ 2038,IPCA,2038-12-15,0.0751,0.0763,2370.64,2343.22,,
